Workbook
Name 제외사유: 조사불가목록!$A$1:$A$10

Sheet 조사현황표
B3: 구분 | C3: 시군구 | D3: 실제표본점 | E3: 수행 | F3: 제외 | G3: 잔량 | H3: 예비표본점 | I3: 예비잔량
B4: 서울 | C4: 강남구 | D4: 9 | E4: 9 | G4: =D4-E4 -> 0 | H4: 5 | I4: =H4-F4 -> 5
B5: 서울 | C5: 강동구 | D5: 6 | E5: 6 | G5: =D5-E5 -> 0 | H5: 3 | I5: =H5-F5 -> 3
B6: 서울 | C6: 강북구 | D6: 9 | G6: =D6-E6 -> 9 | H6: 5 | I6: =H6-F6 -> 5
B7: 서울 | C7: 관악구 | D7: 9 | G7: =D7-E7 -> 9 | H7: 5 | I7: =H7-F7 -> 5
B8: 서울 | C8: 광진구 | D8: 7 | E8: 7 | F8: 1 | G8: =D8-E8 -> 0 | H8: 4 | I8: =H8-F8 -> 3
B9: 서울 | C9: 구로구 | D9: 20 | G9: =D9-E9 -> 20 | H9: 10 | I9: =H9-F9 -> 10
B10: 서울 | C10: 금천구 | D10: 4 | G10: =D10-E10 -> 4 | H10: 2 | I10: =H10-F10 -> 2
B11: 서울 | C11: 노원구 | D11: 8 | E11: 8 | F11: 1 | G11: =D11-E11 -> 0 | H11: 4 | I11: =H11-F11 -> 3
B12: 서울 | C12: 도봉구 | D12: 7 | G12: =D12-E12 -> 7 | H12: 4 | I12: =H12-F12 -> 4
B13: 서울 | C13: 동대문구 | D13: 9 | G13: =D13-E13 -> 9 | H13: 5 | I13: =H13-F13 -> 5
B14: 서울 | C14: 동작구 | D14: 9 | G14: =D14-E14 -> 9 | H14: 5 | I14: =H14-F14 -> 5
B15: 서울 | C15: 마포구 | D15: 16 | G15: =D15-E15 -> 16 | H15: 8 | I15: =H15-F15 -> 8
B16: 서울 | C16: 서대문구 | D16: 4 | G16: =D16-E16 -> 4 | H16: 2 | I16: =H16-F16 -> 2
B17: 서울 | C17: 서울강서구 | D17: 19 | G17: =D17-E17 -> 19 | H17: 10 | I17: =H17-F17 -> 10
B18: 서울 | C18: 서울중구 | D18: 8 | G18: =D18-E18 -> 8 | H18: 4 | I18: =H18-F18 -> 4
B19: 서울 | C19: 서초구 | D19: 10 | E19: 10 | F19: 1 | G19: =D19-E19 -> 0 | H19: 5 | I19: =H19-F19 -> 4
B20: 서울 | C20: 성동구 | D20: 7 | E20: 6 | F20: 2 | G20: =D20-E20 -> 1 | H20: 6 | I20: =H20-F20 -> 4 | J20: 예비표본점개수(예비 추가2개 반영한 개수)
B21: 서울 | C21: 성북구 | D21: 5 | G21: =D21-E21 -> 5 | H21: 3 | I21: =H21-F21 -> 3
B22: 서울 | C22: 송파구 | D22: 9 | E22: 9 | F22: 1 | G22: =D22-E22 -> 0 | H22: 5 | I22: =H22-F22 -> 4
B23: 서울 | C23: 양천구 | D23: 8 | G23: =D23-E23 -> 8 | H23: 4 | I23: =H23-F23 -> 4
B24: 서울 | C24: 영등포구 | D24: 6 | G24: =D24-E24 -> 6 | H24: 3 | I24: =H24-F24 -> 3
B25: 서울 | C25: 용산구 | D25: 7 | G25: =D25-E25 -> 7 | H25: 4 | I25: =H25-F25 -> 4
B26: 서울 | C26: 은평구 | D26: 14 | G26: =D26-E26 -> 14 | H26: 7 | I26: =H26-F26 -> 7
B27: 서울 | C27: 종로구 | D27: 7 | G27: =D27-E27 -> 7 | H27: 4 | I27: =H27-F27 -> 4
B28: 서울 | C28: 중랑구 | D28: 8 | E28: 8 | G28: =D28-E28 -> 0 | H28: 4 | I28: =H28-F28 -> 4
B29: 부산 | C29: 금정구 | D29: 12 | G29: =D29-E29 -> 12 | H29: 6 | I29: =H29-F29 -> 6
B30: 부산 | C30: 기장군 | D30: 13 | G30: =D30-E30 -> 13 | H30: 7 | I30: =H30-F30 -> 7
B31: 부산 | C31: 동래구 | D31: 10 | G31: =D31-E31 -> 10 | H31: 5 | I31: =H31-F31 -> 5
B32: 부산 | C32: 부산강서구 | D32: 12 | E32: 12 | F32: 2 | G32: =D32-E32 -> 0 | H32: 6 | I32: =H32-F32 -> 4
B33: 부산 | C33: 부산남구 | D33: 24 | E33: 5 | G33: =D33-E33 -> 19 | H33: 12 | I33: =H33-F33 -> 12
B34: 부산 | C34: 부산동구 | D34: 9 | G34: =D34-E34 -> 9 | H34: 5 | I34: =H34-F34 -> 5
B35: 부산 | C35: 부산북구 | D35: 7 | E35: 7 | F35: 1 | G35: =D35-E35 -> 0 | H35: 4 | I35: =H35-F35 -> 3
B36: 부산 | C36: 부산서구 | D36: 11 | E36: 11 | G36: =D36-E36 -> 0 | H36: 6 | I36: =H36-F36 -> 6
B37: 부산 | C37: 부산중구 | D37: 11 | E37: 5 | G37: =D37-E37 -> 6 | H37: 6 | I37: =H37-F37 -> 6
B38: 부산 | C38: 부산진구 | D38: 3 | G38: =D38-E38 -> 3 | H38: 2 | I38: =H38-F38 -> 2
B39: 부산 | C39: 사상구 | D39: 8 | E39: 8 | F39: 1 | G39: =D39-E39 -> 0 | H39: 4 | I39: =H39-F39 -> 3
B40: 부산 | C40: 사하구 | D40: 7 | E40: 7 | F40: 2 | G40: =D40-E40 -> 0 | H40: 6 | I40: =H40-F40 -> 4 | J40: 예비표본점개수(예비 추가2개 반영한 개수)
B41: 부산 | C41: 수영구 | D41: 12 | G41: =D41-E41 -> 12 | H41: 6 | I41: =H41-F41 -> 6
B42: 부산 | C42: 연제구 | D42: 11 | G42: =D42-E42 -> 11 | H42: 6 | I42: =H42-F42 -> 6
B43: 부산 | C43: 영도구 | D43: 3 | E43: 3 | G43: =D43-E43 -> 0 | H43: 2 | I43: =H43-F43 -> 2
B44: 부산 | C44: 해운대구 | D44: 9 | G44: =D44-E44 -> 9 | H44: 5 | I44: =H44-F44 -> 5
B45: 대구광역시 | C45: 군위군 | D45: 9 | G45: =D45-E45 -> 9 | H45: 5 | I45: =H45-F45 -> 5
B46: 대구광역시 | C46: 달서구 | D46: 10 | E46: 10 | G46: =D46-E46 -> 0 | H46: 5 | I46: =H46-F46 -> 5
B47: 대구광역시 | C47: 달성군 | D47: 18 | E47: 16 | F47: 4 | G47: =D47-E47 -> 2 | H47: 9 | I47: =H47-F47 -> 5
B48: 대구광역시 | C48: 대구남구 | D48: 18 | F48: 1 | G48: =D48-E48 -> 18 | H48: 9 | I48: =H48-F48 -> 8
B49: 대구광역시 | C49: 대구동구 | D49: 9 | E49: 3 | F49: 1 | G49: =D49-E49 -> 6 | H49: 5 | I49: =H49-F49 -> 4
B50: 대구광역시 | C50: 대구북구 | D50: 19 | E50: 12 | G50: =D50-E50 -> 7 | H50: 10 | I50: =H50-F50 -> 10
B51: 대구광역시 | C51: 대구서구 | D51: 10 | E51: 6 | G51: =D51-E51 -> 4 | H51: 5 | I51: =H51-F51 -> 5
B52: 대구광역시 | C52: 대구중구 | D52: 14 | E52: 3 | G52: =D52-E52 -> 11 | H52: 7 | I52: =H52-F52 -> 7
B53: 대구광역시 | C53: 수성구 | D53: 12 | E53: 6 | G53: =D53-E53 -> 6 | H53: 6 | I53: =H53-F53 -> 6
B54: 인천광역시 | C54: 강화군 | D54: 12 | G54: =D54-E54 -> 12 | H54: 6 | I54: =H54-F54 -> 6
B55: 인천광역시 | C55: 계양구 | D55: 19 | G55: =D55-E55 -> 19 | H55: 10 | I55: =H55-F55 -> 10
B56: 인천광역시 | C56: 남동구 | D56: 10 | G56: =D56-E56 -> 10 | H56: 5 | I56: =H56-F56 -> 5
B57: 인천광역시 | C57: 미추홀구 | D57: 11 | G57: =D57-E57 -> 11 | H57: 6 | I57: =H57-F57 -> 6
B58: 인천광역시 | C58: 부평구 | D58: 11 | G58: =D58-E58 -> 11 | H58: 6 | I58: =H58-F58 -> 6
B59: 인천광역시 | C59: 연수구 | D59: 11 | G59: =D59-E59 -> 11 | H59: 6 | I59: =H59-F59 -> 6
B60: 인천광역시 | C60: 옹진군 | D60: 12 | G60: =D60-E60 -> 12 | H60: 6 | I60: =H60-F60 -> 6
B61: 인천광역시 | C61: 인천동구 | D61: 6 | G61: =D61-E61 -> 6 | H61: 3 | I61: =H61-F61 -> 3
B62: 인천광역시 | C62: 인천서구 | D62: 11 | G62: =D62-E62 -> 11 | H62: 6 | I62: =H62-F62 -> 6
B63: 인천광역시 | C63: 인천중구 | D63: 8 | G63: =D63-E63 -> 8 | H63: 4 | I63: =H63-F63 -> 4
B64: 광주광역시 | C64: 광산구 | D64: 10 | E64: 6 | G64: =D64-E64 -> 4 | H64: 5 | I64: =H64-F64 -> 5
B65: 광주광역시 | C65: 광주남구 | D65: 26 | G65: =D65-E65 -> 26 | H65: 13 | I65: =H65-F65 -> 13
B66: 광주광역시 | C66: 광주동구 | D66: 9 | E66: 1 | G66: =D66-E66 -> 8 | H66: 5 | I66: =H66-F66 -> 5
B67: 광주광역시 | C67: 광주북구 | D67: 18 | E67: 12 | G67: =D67-E67 -> 6 | H67: 9 | I67: =H67-F67 -> 9
B68: 광주광역시 | C68: 광주서구 | D68: 21 | E68: 2 | G68: =D68-E68 -> 19 | H68: 11 | I68: =H68-F68 -> 11
B69: 대전광역시 | C69: 대덕구 | D69: 15 | E69: 5 | F69: 2 | G69: =D69-E69 -> 10 | H69: 8 | I69: =H69-F69 -> 6
B70: 대전광역시 | C70: 대전동구 | D70: 29 | G70: =D70-E70 -> 29 | H70: 15 | I70: =H70-F70 -> 15
B71: 대전광역시 | C71: 대전서구 | D71: 16 | G71: =D71-E71 -> 16 | H71: 8 | I71: =H71-F71 -> 8
B72: 대전광역시 | C72: 대전중구 | D72: 20 | G72: =D72-E72 -> 20 | H72: 10 | I72: =H72-F72 -> 10
B73: 대전광역시 | C73: 유성구 | D73: 18 | G73: =D73-E73 -> 18 | H73: 9 | I73: =H73-F73 -> 9
B74: 울산광역시 | C74: 울산남구 | D74: 15 | E74: 14 | G74: =D74-E74 -> 1 | H74: 8 | I74: =H74-F74 -> 8
B75: 울산광역시 | C75: 울산동구 | D75: 14 | E75: 14 | F75: 2 | G75: =D75-E75 -> 0 | H75: 7 | I75: =H75-F75 -> 5
B76: 울산광역시 | C76: 울산북구 | D76: 13 | E76: 13 | F76: 2 | G76: =D76-E76 -> 0 | H76: 7 | I76: =H76-F76 -> 5
B77: 울산광역시 | C77: 울산중구 | D77: 18 | E77: 15 | F77: 1 | G77: =D77-E77 -> 3 | H77: 9 | I77: =H77-F77 -> 8
B78: 울산광역시 | C78: 울주군 | D78: 14 | E78: 12 | F78: 1 | G78: =D78-E78 -> 2 | H78: 7 | I78: =H78-F78 -> 6
B79: 세종특별자치시 | C79: 세종특별자치시 | D79: 18 | G79: =D79-E79 -> 18 | H79: 9 | I79: =H79-F79 -> 9
B80: 경기도 | C80: 가평군 | D80: 7 | G80: =D80-E80 -> 7 | H80: 4 | I80: =H80-F80 -> 4
B81: 경기도 | C81: 고양시 | D81: 18 | G81: =D81-E81 -> 18 | H81: 9 | I81: =H81-F81 -> 9
B82: 경기도 | C82: 과천시 | D82: 3 | G82: =D82-E82 -> 3 | H82: 2 | I82: =H82-F82 -> 2
B83: 경기도 | C83: 광명시 | D83: 16 | G83: =D83-E83 -> 16 | H83: 8 | I83: =H83-F83 -> 8
B84: 경기도 | C84: 광주시 | D84: 13 | G84: =D84-E84 -> 13 | H84: 7 | I84: =H84-F84 -> 7
B85: 경기도 | C85: 구리시 | D85: 18 | G85: =D85-E85 -> 18 | H85: 9 | I85: =H85-F85 -> 9
B86: 경기도 | C86: 군포시 | D86: 10 | G86: =D86-E86 -> 10 | H86: 5 | I86: =H86-F86 -> 5
B87: 경기도 | C87: 김포시 | D87: 9 | G87: =D87-E87 -> 9 | H87: 5 | I87: =H87-F87 -> 5
B88: 경기도 | C88: 남양주시 | D88: 7 | G88: =D88-E88 -> 7 | H88: 4 | I88: =H88-F88 -> 4
B89: 경기도 | C89: 동두천시 | D89: 8 | E89: 7 | F89: 3 | G89: =D89-E89 -> 1 | H89: 6 | I89: =H89-F89 -> 3 | J89: 예비표본점개수(예비 추가2개 반영한 개수)
B90: 경기도 | C90: 부천시 | D90: 8 | G90: =D90-E90 -> 8 | H90: 4 | I90: =H90-F90 -> 4
B91: 경기도 | C91: 성남시 | D91: 8 | G91: =D91-E91 -> 8 | H91: 4 | I91: =H91-F91 -> 4
B92: 경기도 | C92: 수원시 | D92: 8 | G92: =D92-E92 -> 8 | H92: 4 | I92: =H92-F92 -> 4
B93: 경기도 | C93: 시흥시 | D93: 10 | G93: =D93-E93 -> 10 | H93: 5 | I93: =H93-F93 -> 5
B94: 경기도 | C94: 안산시 | D94: 7 | G94: =D94-E94 -> 7 | H94: 4 | I94: =H94-F94 -> 4
B95: 경기도 | C95: 안성시 | D95: 24 | G95: =D95-E95 -> 24 | H95: 12 | I95: =H95-F95 -> 12
B96: 경기도 | C96: 안양시 | D96: 8 | G96: =D96-E96 -> 8 | H96: 4 | I96: =H96-F96 -> 4
B97: 경기도 | C97: 양주시 | D97: 14 | E97: 12 | F97: 3 | G97: =D97-E97 -> 2 | H97: 7 | I97: =H97-F97 -> 4
B98: 경기도 | C98: 양평군 | D98: 13 | G98: =D98-E98 -> 13 | H98: 7 | I98: =H98-F98 -> 7
B99: 경기도 | C99: 여주시 | D99: 13 | E99: 7 | F99: 1 | G99: =D99-E99 -> 6 | H99: 7 | I99: =H99-F99 -> 6
B100: 경기도 | C100: 연천군 | D100: 8 | E100: 8 | F100: 1 | G100: =D100-E100 -> 0 | H100: 4 | I100: =H100-F100 -> 3
B101: 경기도 | C101: 오산시 | D101: 11 | G101: =D101-E101 -> 11 | H101: 6 | I101: =H101-F101 -> 6
B102: 경기도 | C102: 용인시 | D102: 10 | G102: =D102-E102 -> 10 | H102: 5 | I102: =H102-F102 -> 5
...

Sheet 표본점목록
A1: 표본점번호 | B1: 유형 | C1: POINT_X | D1: POINT_Y | E1: 시도 | F1: 시군구 | G1: 읍면동 | H1: 주소 | I1: 조사가능불가 | J1: 조사번호 | K1: 표본점번호 | L1: EPSG4326 | M1: 표고 | N1: 구분 | O1: NFI지원팀
A2: 511121819730 | B2: 가로수 | C2: 1121800 | D2: 1973000 | E2: 강원특별자치도 | F2: 강릉시 | G2: 홍제동 | H2: 강원특별자치도 강릉시 홍제동 101-3 | I2: =VLOOKUP(A:A,조사결과표!B:G,7,0) -> #N/A | J2: 강릉시_필수_1 | K2: 511121819730 | L2: 37.7485371221, 128.8825443522 | M2: 27 | N2: 필수
A3: 511124019753 | B3: 가로수 | C3: 1124000 | D3: 1975300 | E3: 강원특별자치도 | F3: 강릉시 | G3: 포남동 | H3: 강원특별자치도 강릉시 포남동 1242-1 | I3: =VLOOKUP(A:A,조사결과표!B:G,7,0) -> #N/A | J3: 강릉시_필수_2 | K3: 511124019753 | L3: 37.7689658337, 128.9079023539 | M3: 7 | N3: 필수
A4: 511126419757 | B4: 마을숲 | C4: 1126400 | D4: 1975700 | E4: 강원특별자치도 | F4: 강릉시 | G4: 송정동 | H4: 강원특별자치도 강릉시 송정동 123-3 | I4: =VLOOKUP(A:A,조사결과표!B:G,7,0) -> #N/A | J4: 강릉시_필수_3 | K4: 511126419757 | L4: 37.7722413235, 128.9352139744 | M4: 3 | N4: 필수
A5: 511122719736 | B5: 도시숲 | C5: 1122700 | D5: 1973600 | E5: 강원특별자치도 | F5: 강릉시 | G5: 임당동 | H5: 강원특별자치도 강릉시 임당동 149 | I5: =VLOOKUP(A:A,조사결과표!B:G,7,0) -> #N/A | J5: 강릉시_필수_4 | K5: 511122719736 | L5: 37.7538232264, 128.8928587923 | M5: 14 | N5: 필수
A6: 511127019754 | B6: 경관숲 | C6: 1127000 | D6: 1975400 | E6: 강원특별자치도 | F6: 강릉시 | G6: 병산동 | H6: 강원특별자치도 강릉시 병산동 228-1 | I6: =VLOOKUP(A:A,조사결과표!B:G,7,0) -> #N/A | J6: 강릉시_필수_5 | K6: 511127019754 | L6: 37.7694550429, 128.9419722169 | M6: 2 | N6: 필수
A7: 511117319895 | B7: 경관숲 | C7: 1117300 | D7: 1989500 | E7: 강원특별자치도 | F7: 강릉시 | G7: 주문진읍 | H7: 강원특별자치도 강릉시 주문진읍 주문리 187-2 | I7: =VLOOKUP(A:A,조사결과표!B:G,7,0) -> #N/A | J7: 강릉시_필수_6 | K7: 511117319895 | L7: 37.8978021505, 128.8341522568 | M7: 11 | N7: 필수
A8: 511116619878 | B8: 경관숲 | C8: 1116600 | D8: 1987800 | E8: 강원특별자치도 | F8: 강릉시 | G8: 주문진읍 | H8: 강원특별자치도 강릉시 주문진읍 교항리 103-10 | I8: =VLOOKUP(A:A,조사결과표!B:G,7,0) -> #N/A | J8: 강릉시_필수_7 | K8: 511116619878 | L8: 37.8825740113, 128.8259177443 | M8: 3 | N8: 필수
A9: 511122619740 | B9: 마을숲 | C9: 1122600 | D9: 1974000 | E9: 강원특별자치도 | F9: 강릉시 | G9: 교동 | H9: 강원특별자치도 강릉시 교동 913-4 | I9: =VLOOKUP(A:A,조사결과표!B:G,7,0) -> #N/A | J9: 강릉시_필수_8 | K9: 511122619740 | L9: 37.7574408789, 128.8917914568 | M9: 16 | N9: 필수
A10: 511120619734 | B10: 마을숲 | C10: 1120600 | D10: 1973400 | E10: 강원특별자치도 | F10: 강릉시 | G10: 홍제동 | H10: 강원특별자치도 강릉시 홍제동 1044 | I10: =VLOOKUP(A:A,조사결과표!B:G,7,0) -> #N/A | J10: 강릉시_필수_9 | K10: 511120619734 | L10: 37.752300378, 128.8689932262 | M10: 55 | N10: 필수
A11: 511120319766 | B11: 경관숲 | C11: 1120300 | D11: 1976600 | E11: 강원특별자치도 | F11: 강릉시 | G11: 죽헌동 | H11: 강원특별자치도 강릉시 죽헌동 924 | I11: =VLOOKUP(A:A,조사결과표!B:G,7,0) -> #N/A | J11: 강릉시_필수_10 | K11: 511120319766 | L11: 37.7811740907, 128.8661190668 | M11: 20 | N11: 필수
A12: 511120519743 | B12: 마을숲 | C12: 1120500 | D12: 1974300 | E12: 강원특별자치도 | F12: 강릉시 | G12: 유천동 | H12: 강원특별자치도 강릉시 유천동 781 | I12: =VLOOKUP(A:A,조사결과표!B:G,7,0) -> #N/A | J12: 강릉시_필수_11 | K12: 511120519743 | L12: 37.7604231854, 128.8680077196 | M12: 23 | N12: 필수
A13: 511126219759 | B13: 마을숲 | C13: 1126200 | D13: 1975900 | E13: 강원특별자치도 | F13: 강릉시 | G13: 송정동 | H13: 강원특별자치도 강릉시 송정동 1065 | I13: =VLOOKUP(A:A,조사결과표!B:G,7,0) -> #N/A | J13: 강릉시_필수_12 | K13: 511126219759 | L13: 37.7740710417, 128.932978506 | M13: 5 | N13: 필수
... A126: 511090820227 | B126: 마을숲 | C126: 1090800 | D126: 2022700 | E126: 강원특별자치도 | F126: 속초시 | G126: 노학동 | H126: 강원특별자치도 속초시 노학동 산165-34 | I126: =VLOOKUP(A:A,조사결과표!B:G,7,0) -> #N/A | J126: 속초시_예비_8 | K126: 511090820227 | L126: 38.2000092399, 128.5370094298 | M126: 55 | N126: 예비
A127: 511047320218 | B127: 가로수 | C127: 1047300 | D127: 2021800 | E127: 강원특별자치도 | F127: 양구군 | G127: 동면 | H127: 강원특별자치도 양구군 동면 임당리 700-2 | I127: =VLOOKUP(A:A,조사결과표!B:G,7,0) -> #N/A | J127: 양구군_필수_1 | K127: 511047320218 | L127: 38.1952353371, 128.040174089 | M127: 278 | N127: 필수 | O127: 5
A128: 511047420220 | B128: 가로수 | C128: 1047400 | D128: 2022000 | E128: 강원특별자치도 | F128: 양구군 | G128: 동면 | H128: 강원특별자치도 양구군 동면 임당리 623-3 | I128: =VLOOKUP(A:A,조사결과표!B:G,7,0) -> #N/A | J128: 양구군_필수_2 | K128: 511047420220 | L128: 38.1970325167, 128.0413294028 | M128: 278 | N128: 필수 | O128: 5
A129: 511043120105 | B129: 경관숲 | C129: 1043100 | D129: 2010500 | E129: 강원특별자치도 | F129: 양구군 | G129: 양구읍 | H129: 강원특별자치도 양구군 양구읍 송청리 87-50 | I129: =VLOOKUP(A:A,조사결과표!B:G,7,0) -> #N/A | J129: 양구군_필수_3 | K129: 511043120105 | L129: 38.0936067083, 127.9915273082 | M129: 188 | N129: 필수 | O129: 5
A130: 511042020109 | B130: 경관숲 | C130: 1042000 | D130: 2010900 | E130: 강원특별자치도 | F130: 양구군 | G130: 양구읍 | H130: 강원특별자치도 양구군 양구읍 정림리 255-1 | I130: =VLOOKUP(A:A,조사결과표!B:G,7,0) -> #N/A | J130: 양구군_필수_4 | K130: 511042020109 | L130: 38.0972634847, 127.9790064667 | M130: 201 | N130: 필수 | O130: 5
A131: 511042320118 | B131: 경관숲 | C131: 1042300 | D131: 2011800 | E131: 강원특별자치도 | F131: 양구군 | G131: 양구읍 | H131: 강원특별자치도 양구군 양구읍 상리 394 | I131: =VLOOKUP(A:A,조사결과표!B:G,7,0) -> #N/A | J131: 양구군_필수_5 | K131: 511042320118 | L131: 38.1053606697, 127.9824811649 | M131: 181 | N131: 필수 | O131: 5
A132: 511047520225 | B132: 학교숲 | C132: 1047500 | D132: 2022500 | E132: 강원특별자치도 | F132: 양구군 | G132: 동면 | H132: 강원특별자치도 양구군 동면 임당리 564 | I132: =VLOOKUP(A:A,조사결과표!B:G,7,0) -> #N/A | J132: 양구군_필수_6 | K132: 511047520225 | L132: 38.2015333401, 128.0425048354 | M132: 295 | N132: 필수 | O132: 5
A133: 511043420142 | B133: 경관숲 | C133: 1043400 | D133: 2014200 | E133: 강원특별자치도 | F133: 양구군 | G133: 양구읍 | H133: 강원특별자치도 양구군 양구읍 하리 639-4 | I133: =VLOOKUP(A:A,조사결과표!B:G,7,0) -> #N/A | J133: 양구군_필수_7 | K133: 511043420142 | L133: 38.1269382035, 127.995173562 | M133: 184 | N133: 필수 | O133: 5
A134: 511042720111 | B134: 마을숲 | C134: 1042700 | D134: 2011100 | E134: 강원특별자치도 | F134: 양구군 | G134: 양구읍 | H134: 강원특별자치도 양구군 양구읍 상리 609 | I134: =VLOOKUP(A:A,조사결과표!B:G,7,0) -> #N/A | J134: 양구군_필수_8 | K134: 511042720111 | L134: 38.0990331555, 127.9870016065 | M134: 188 | N134: 필수 | O134: 5
A135: 511043120113 | B135: 학교숲 | C135: 1043100 | D135: 2011300 | E135: 강원특별자치도 | F135: 양구군 | G135: 양구읍 | H135: 강원특별자치도 양구군 양구읍 상리 186-3 | I135: =VLOOKUP(A:A,조사결과표!B:G,7,0) -> #N/A | J135: 양구군_필수_9 | K135: 511043120113 | L135: 38.1008166428, 127.9915756038 | M135: 188 | N135: 필수 | O135: 5
A136: 511042620125 | B136: 경관숲 | C136: 1042600 | D136: 2012500 | E136: 강원특별자치도 | F136: 양구군 | G136: 양구읍 | H136: 강원특별자치도 양구군 양구읍 하리 118-7 | I136: =VLOOKUP(A:A,조사결과표!B:G,7,0) -> #N/A | J136: 양구군_필수_10 | K136: 511042620125 | L136: 38.1116552552, 127.9859446959 | M136: 182 | N136: 필수 | O136: 5
A137: 511042720112 | B137: 마을숲 | C137: 1042700 | D137: 2011200 | E137: 강원특별자치도 | F137: 양구군 | G137: 양구읍 | H137: 강원특별자치도 양구군 양구읍 상리 584 | I137: =VLOOKUP(A:A,조사결과표!B:G,7,0) -> #N/A | J137: 양구군_필수_11 | K137: 511042720112 | L137: 38.0999343976, 127.9870075881 | M137: 187 | N137: 필수 | O137: 5
A138: 511053720284 | B138: 경관숲 | C138: 1053700 | D138: 2028400 | E138: 강원특별자치도 | F138: 양구군 | G138: 해안면 | H138: 강원특별자치도 양구군 해안면 만대리 2641 | I138: =VLOOKUP(A:A,조사결과표!B:G,7,0) -> #N/A | J138: 양구군_필수_12 | K138: 511053720284 | L138: 38.2543557824, 128.1137591173 | M138: 577 | N138: 필수 | O138: 5
... A147: 511042020123 | B147: 경관숲 | C147: 1042000 | D147: 2012300 | E147: 강원특별자치도 | F147: 양구군 | G147: 양구읍 | H147: 강원특별자치도 양구군 양구읍 하리 229-1 | I147: =VLOOKUP(A:A,조사결과표!B:G,7,0) -> #N/A | J147: 양구군_예비_7 | K147: 511042020123 | L147: 38.1098808799, 127.979088853 | M147: 195 | N147: 예비 | O147: 5
A148: 511101420111 | B148: 가로수 | C148: 1101400 | D148: 2011100 | E148: 강원특별자치도 | F148: 양양군 | G148: 손양면 | H148: 강원특별자치도 양양군 손양면 가평리 산2-2 | I148: =VLOOKUP(A:A,조사결과표!B:G,7,0) -> #N/A | J148: 양양군_필수_1 | K148: 511101420111 | L148: 38.094351992, 128.6563968985 | M148: 3 | N148: 필수
A149: 511099320134 | B149: 가로수 | C149: 1099300 | D149: 2013400 | E149: 강원특별자치도 | F149: 양양군 | G149: 강현면 | H149: 강원특별자치도 양양군 강현면 주청리 2-75 | I149: =VLOOKUP(A:A,조사결과표!B:G,7,0) -> #N/A | J149: 양양군_필수_2 | K149: 511099320134 | L149: 38.1153104529, 128.6327722137 | M149: 3 | N149: 필수
A150: 511099320099 | B150: 경관숲 | C150: 1099300 | D150: 2009900 | E150: 강원특별자치도 | F150: 양양군 | G150: 양양읍 | H150: 강원특별자치도 양양군 양양읍 송암리 107-2 | I150: =VLOOKUP(A:A,조사결과표!B:G,7,0) -> #N/A | J150: 양양군_필수_3 | K150: 511099320099 | L150: 38.083772016, 128.6322853814 | M150: 2 | N150: 필수
A151: 511105120024 | B151: 학교숲 | C151: 1105100 | D151: 2002400 | E151: 강원특별자치도 | F151: 양양군 | G151: 현북면 | H151: 강원특별자치도 양양군 현북면 상광정리 577 | I151: =VLOOKUP(A:A,조사결과표!B:G,7,0) -> #N/A | J151: 양양군_필수_4 | K151: 511105120024 | L151: 38.015534892, 128.6973065184 | M151: 16 | N151: 필수
A152: 511097420088 | B152: 마을숲 | C152: 1097400 | D152: 2008800 | E152: 강원특별자치도 | F152: 양양군 | G152: 양양읍 | H152: 강원특별자치도 양양군 양양읍 임천리 37-3 | I152: =VLOOKUP(A:A,조사결과표!B:G,7,0) -> #N/A | J152: 양양군_필수_5 | K152: 511097420088 | L152: 38.0740665539, 128.6104741681 | M152: 11 | N152: 필수
A153: 511096620178 | B153: 경관숲 | C153: 1096600 | D153: 2017800 | E153: 강원특별자치도 | F153: 양양군 | G153: 강현면 | H153: 강원특별자치도 양양군 강현면 물치리 184 | I153: =VLOOKUP(A:A,조사결과표!B:G,7,0) -> #N/A | J153: 양양군_필수_6 | K153: 511096620178 | L153: 38.1552518462, 128.6025735271 | M153: 47 | N153: 필수
A154: 511110319987 | B154: 마을숲 | C154: 1110300 | D154: 1998700 | E154: 강원특별자치도 | F154: 양양군 | G154: 현남면 | H154: 강원특별자치도 양양군 현남면 동산리 산15-1 | I154: =VLOOKUP(A:A,조사결과표!B:G,7,0) -> #N/A | J154: 양양군_필수_7 | K154: 511110319987 | L154: 37.9815771472, 128.7559636742 | M154: 6 | N154: 필수
A155: 511099220139 | B155: 경관숲 | C155: 1099200 | D155: 2013900 | E155: 강원특별자치도 | F155: 양양군 | G155: 강현면 | H155: 강원특별자치도 양양군 강현면 전진리 7-63 | I155: =VLOOKUP(A:A,조사결과표!B:G,7,0) -> #N/A | J155: 양양군_필수_8 | K155: 511099220139 | L155: 38.1198269236, 128.631701201 | M155: 4 | N155: 필수
A156: 511097420087 | B156: 경관숲 | C156: 1097400 | D156: 2008700 | E156: 강원특별자치도 | F156: 양양군 | G156: 양양읍 | H156: 강원특별자치도 양양군 양양읍 서문리 332-2 | I156: =VLOOKUP(A:A,조사결과표!B:G,7,0) -> #N/A | J156: 양양군_필수_9 | K156: 511097420087 | L156: 38.073165445, 128.6104605422 | M156: 10 | N156: 필수
A157: 511098020091 | B157: 마을숲 | C157: 1098000 | D157: 2009100 | E157: 강원특별자치도 | F157: 양양군 | G157: 양양읍 | H157: 강원특별자치도 양양군 양양읍 군행리 17-3 | I157: =VLOOKUP(A:A,조사결과표!B:G,7,0) -> #N/A | J157: 양양군_필수_10 | K157: 511098020091 | L157: 38.0767050456, 128.6173548089 | M157: 26 | N157: 필수
A158: 511096220174 | B158: 마을숲 | C158: 1096200 | D158: 2017400 | E158: 강원특별자치도 | F158: 양양군 | G158: 강현면 | H158: 강원특별자치도 양양군 강현면 강선리 33-4 | I158: =VLOOKUP(A:A,조사결과표!B:G,7,0) -> #N/A | J158: 양양군_필수_11 | K158: 511096220174 | L158: 38.1516902118, 128.597954735 | M158: 6 | N158: 필수
A159: 511099420100 | B159: 경관숲 | C159: 1099400 | D159: 2010000 | E159: 강원특별자치도 | F159: 양양군 | G159: 양양읍 | H159: 강원특별자치도 양양군 양양읍 송암리 97-3 | I159: =VLOOKUP(A:A,조사결과표!B:G,7,0) -> #N/A | J159: 양양군_필수_12 | K159: 511099420100 | L159: 38.0846621253, 128.6334393559 | M159: 2 | N159: 필수
... A171: 511096720175 | B171: 마을숲 | C171: 1096700 | D171: 2017500 | E171: 강원특별자치도 | F171: 양양군 | G171: 강현면 | H171: 강원특별자치도 양양군 강현면 물치리 223-2 | I171: =VLOOKUP(A:A,조사결과표!B:G,7,0) -> #N/A | J171: 양양군_예비_8 | K171: 511096720175 | L171: 38.1525378304, 128.6036739666 | M171: 5 | N171: 예비
A172: 511118119042 | B172: 가로수 | C172: 1118100 | D172: 1904200 | E172: 강원특별자치도 | F172: 영월군 | G172: 상동읍 | H172: 강원특별자치도 영월군 상동읍 내덕리 656-2 | I172: =VLOOKUP(A:A,조사결과표!B:G,7,0) -> #N/A | J172: 영월군_필수_1 | K172: 511118119042 | L172: 37.1290443604, 128.8295407945 | M172: 514 | N172: 필수 | O172: 3
A173: 511118619047 | B173: 가로수 | C173: 1118600 | D173: 1904700 | E173: 강원특별자치도 | F173: 영월군 | G173: 상동읍 | H173: 강원특별자치도 영월군 상동읍 구래리 95-1 | I173: =VLOOKUP(A:A,조사결과표!B:G,7,0) -> #N/A | J173: 영월군_필수_2 | K173: 511118619047 | L173: 37.1334869903, 128.8352474611 | M173: 564 | N173: 필수 | O173: 3
A174: 511073519156 | B174: 학교숲 | C174: 1073500 | D174: 1915600 | E174: 강원특별자치도 | F174: 영월군 | G174: 한반도면 | H174: 강원특별자치도 영월군 한반도면 신천리 281-2 | I174: =VLOOKUP(A:A,조사결과표!B:G,7,0) -> #N/A | J174: 영월군_필수_3 | K174: 511073519156 | L174: 37.2363629106, 128.328629 | M174: 233 | N174: 필수 | O174: 3
A175: 511084719107 | B175: 경관숲 | C175: 1084700 | D175: 1910700 | E175: 강원특별자치도 | F175: 영월군 | G175: 영월읍 | H175: 강원특별자치도 영월군 영월읍 방절리 4-4 | I175: =VLOOKUP(A:A,조사결과표!B:G,7,0) -> #N/A | J175: 영월군_필수_4 | K175: 511084719107 | L175: 37.1912491858, 128.4543248875 | M175: 220 | N175: 필수 | O175: 3
A176: 511087119096 | B176: 마을숲 | C176: 1087100 | D176: 1909600 | E176: 강원특별자치도 | F176: 영월군 | G176: 영월읍 | H176: 강원특별자치도 영월군 영월읍 덕포리 505-11 | I176: =VLOOKUP(A:A,조사결과표!B:G,7,0) -> #N/A | J176: 영월군_필수_5 | K176: 511087119096 | L176: 37.1811141929, 128.4812341202 | M176: 206 | N176: 필수 | O176: 2
A177: 511084719103 | B177: 경관숲 | C177: 1084700 | D177: 1910300 | E177: 강원특별자치도 | F177: 영월군 | G177: 영월읍 | H177: 강원특별자치도 영월군 영월읍 방절리 97 | I177: =VLOOKUP(A:A,조사결과표!B:G,7,0) -> #N/A | J177: 영월군_필수_6 | K177: 511084719103 | L177: 37.1876440309, 128.454279517 | M177: 209 | N177: 필수 | O177: 3
A178: 511086019097 | B178: 학교숲 | C178: 1086000 | D178: 1909700 | E178: 강원특별자치도 | F178: 영월군 | G178: 영월읍 | H178: 강원특별자치도 영월군 영월읍 하송리 23-1 | I178: =VLOOKUP(A:A,조사결과표!B:G,7,0) -> #N/A | J178: 영월군_필수_7 | K178: 511086019097 | L178: 37.1821174497, 128.4688550939 | M178: 194 | N178: 필수 | O178: 3
A179: 511073219101 | B179: 경관숲 | C179: 1073200 | D179: 1910100 | E179: 강원특별자치도 | F179: 영월군 | G179: 한반도면 | H179: 강원특별자치도 영월군 한반도면 쌍용리 산84-1 | I179: =VLOOKUP(A:A,조사결과표!B:G,7,0) -> #N/A | J179: 영월군_필수_8 | K179: 511073219101 | L179: 37.1868140896, 128.3247074206 | M179: 276 | N179: 필수 | O179: 3
A180: 511086519092 | B180: 마을숲 | C180: 1086500 | D180: 1909200 | E180: 강원특별자치도 | F180: 영월군 | G180: 영월읍 | H180: 강원특별자치도 영월군 영월읍 덕포리 570 | I180: =VLOOKUP(A:A,조사결과표!B:G,7,0) -> #N/A | J180: 영월군_필수_9 | K180: 511086519092 | L180: 37.1775648342, 128.4744293409 | M180: 196 | N180: 필수 | O180: 2
A181: 511117419037 | B181: 학교숲 | C181: 1117400 | D181: 1903700 | E181: 강원특별자치도 | F181: 영월군 | G181: 상동읍 | H181: 강원특별자치도 영월군 상동읍 천평리 414 | I181: =VLOOKUP(A:A,조사결과표!B:G,7,0) -> #N/A | J181: 영월군_필수_10 | K181: 511117419037 | L181: 37.1246265568, 128.8215839213 | M181: 527 | N181: 필수 | O181: 3
A182: 511072819102 | B182: 도시숲 | C182: 1072800 | D182: 1910200 | E182: 강원특별자치도 | F182: 영월군 | G182: 한반도면 | H182: 강원특별자치도 영월군 한반도면 쌍용리 700 | I182: =VLOOKUP(A:A,조사결과표!B:G,7,0) -> #N/A | J182: 영월군_필수_11 | K182: 511072819102 | L182: 37.1877466935, 128.3202109931 | M182: 237 | N182: 필수 | O182: 3
A183: 511086219108 | B183: 경관숲 | C183: 1086200 | D183: 1910800 | E183: 강원특별자치도 | F183: 영월군 | G183: 영월읍 | H183: 강원특별자치도 영월군 영월읍 영흥리 1046 | I183: =VLOOKUP(A:A,조사결과표!B:G,7,0) -> #N/A | J183: 영월군_필수_12 | K183: 511086219108 | L183: 37.1920131363, 128.4712349137 | M183: 227 | N183: 필수 | O183: 3
... A204: 511085519092 | B204: 마을숲 | C204: 1085500 | D204: 1909200 | E204: 강원특별자치도 | F204: 영월군 | G204: 영월읍 | H204: 강원특별자치도 영월군 영월읍 하송리 56 | I204: =VLOOKUP(A:A,조사결과표!B:G,7,0) -> #N/A | J204: 영월군_필수_33 | K204: 511085519092 | L204: 37.177656934, 128.4631657218 | M204: 202 | N204: 필수 | O204: 3
A205: 511119619060 | B205: 가로수 | C205: 1119600 | D205: 1906000 | E205: 강원특별자치도 | F205: 영월군 | G205: 상동읍 | H205: 강원특별자치도 영월군 상동읍 구래리 산1-53 | I205: =VLOOKUP(A:A,조사결과표!B:G,7,0) -> #N/A | J205: 영월군_예비_1 | K205: 511119619060 | L205: 37.1450748904, 128.8467107333 | M205: 627 | N205: 예비 | O205: 2, 3
A206: 511085119097 | B206: 학교숲 | C206: 1085100 | D206: 1909700 | E206: 강원특별자치도 | F206: 영월군 | G206: 영월읍 | H206: 강원특별자치도 영월군 영월읍 하송리 308-1 | I206: =VLOOKUP(A:A,조사결과표!B:G,7,0) -> #N/A | J206: 영월군_예비_2 | K206: 511085119097 | L206: 37.1821999194, 128.458717214 | M206: 208 | N206: 예비 | O206: 2, 3
A207: 511083719095 | B207: 경관숲 | C207: 1083700 | D207: 1909500 | E207: 강원특별자치도 | F207: 영월군 | G207: 영월읍 | H207: 강원특별자치도 영월군 영월읍 방절리 254 | I207: =VLOOKUP(A:A,조사결과표!B:G,7,0) -> #N/A | J207: 영월군_예비_3 | K207: 511083719095 | L207: 37.1805238959, 128.4429246886 | M207: 197 | N207: 예비 | O207: 2, 3
A208: 511086419107 | B208: 마을숲 | C208: 1086400 | D208: 1910700 | E208: 강원특별자치도 | F208: 영월군 | G208: 영월읍 | H208: 강원특별자치도 영월군 영월읍 영흥리 722-16 | I208: =VLOOKUP(A:A,조사결과표!B:G,7,0) -> #N/A | J208: 영월군_예비_4 | K208: 511086419107 | L208: 37.1910933592, 128.4734764912 | M208: 208 | N208: 예비 | O208: 2, 3
A209: 511068519196 | B209: 마을숲 | C209: 1068500 | D209: 1919600 | E209: 강원특별자치도 | F209: 영월군 | G209: 주천면 | H209: 강원특별자치도 영월군 주천면 주천리 1367-1 | I209: =VLOOKUP(A:A,조사결과표!B:G,7,0) -> #N/A | J209: 영월군_예비_5 | K209: 511068519196 | L209: 37.2727967855, 128.2726326443 | M209: 252 | N209: 예비 | O209: 2, 3
A210: 511083219093 | B210: 경관숲 | C210: 1083200 | D210: 1909300 | E210: 강원특별자치도 | F210: 영월군 | G210: 영월읍 | H210: 강원특별자치도 영월군 영월읍 방절리 534-2 | I210: =VLOOKUP(A:A,조사결과표!B:G,7,0) -> #N/A | J210: 영월군_예비_6 | K210: 511083219093 | L210: 37.178765996, 128.4372703412 | M210: 225 | N210: 예비 | O210: 2, 3
A211: 511086919098 | B211: 도시숲 | C211: 1086900 | D211: 1909800 | E211: 강원특별자치도 | F211: 영월군 | G211: 영월읍 | H211: 강원특별자치도 영월군 영월읍 덕포리 490-3 | I211: =VLOOKUP(A:A,조사결과표!B:G,7,0) -> #N/A | J211: 영월군_예비_7 | K211: 511086919098 | L211: 37.182935396, 128.4790045655 | M211: 194 | N211: 예비 | O211: 2, 3
A212: 511086619090 | B212: 마을숲 | C212: 1086600 | D212: 1909000 | E212: 강원특별자치도 | F212: 영월군 | G212: 영월읍 | H212: 강원특별자치도 영월군 영월읍 덕포리 995 | I212: =VLOOKUP(A:A,조사결과표!B:G,7,0) -> #N/A | J212: 영월군_예비_8 | K212: 511086619090 | L212: 37.1757529952, 128.4755325205 | M212: 199 | N212: 예비 | O212: 2, 3
A213: 511084119096 | B213: 경관숲 | C213: 1084100 | D213: 1909600 | E213: 강원특별자치도 | F213: 영월군 | G213: 영월읍 | H213: 강원특별자치도 영월군 영월읍 방절리 산38-1 | I213: =VLOOKUP(A:A,조사결과표!B:G,7,0) -> #N/A | J213: 영월군_예비_9 | K213: 511084119096 | L213: 37.1813892436, 128.4474415968 | M213: 201 | N213: 예비 | O213: 2, 3
A214: 511084219106 | B214: 경관숲 | C214: 1084200 | D214: 1910600 | E214: 강원특별자치도 | F214: 영월군 | G214: 영월읍 | H214: 강원특별자치도 영월군 영월읍 방절리 46-1 | I214: =VLOOKUP(A:A,조사결과표!B:G,7,0) -> #N/A | J214: 영월군_예비_10 | K214: 511084219106 | L214: 37.1903931382, 128.4486807585 | M214: 204 | N214: 예비 | O214: 2, 3
A215: 511086419093 | B215: 경관숲 | C215: 1086400 | D215: 1909300 | E215: 강원특별자치도 | F215: 영월군 | G215: 영월읍 | H215: 강원특별자치도 영월군 영월읍 덕포리 541-2 | I215: =VLOOKUP(A:A,조사결과표!B:G,7,0) -> #N/A | J215: 영월군_예비_11 | K215: 511086419093 | L215: 37.1784753778, 128.473314545 | M215: 189 | N215: 예비 | O215: 2, 3
A216: 511073219095 | B216: 마을숲 | C216: 1073200 | D216: 1909500 | E216: 강원특별자치도 | F216: 영월군 | G216: 한반도면 | H216: 강원특별자치도 영월군 한반도면 쌍용리 448-3 | I216: =VLOOKUP(A:A,조사결과표!B:G,7,0) -> #N/A | J216: 영월군_예비_12 | K216: 511073219095 | L216: 37.1814061618, 128.3246486197 | M216: 239 | N216: 예비 | O216: 2, 3
... A221: 511086819082 | B221: 경관숲 | C221: 1086800 | D221: 1908200 | E221: 강원특별자치도 | F221: 영월군 | G221: 영월읍 | H221: 강원특별자치도 영월군 영월읍 덕포리 951 | I221: =VLOOKUP(A:A,조사결과표!B:G,7,0) -> #N/A | J221: 영월군_예비_17 | K221: 511086819082 | L221: 37.1685241454, 128.4776922726 | M221: 190 | N221: 예비 | O221: 2, 3
A222: 511041419271 | B222: 가로수 | C222: 1041400 | D222: 1927100 | E222: 강원특별자치도 | F222: 원주시 | G222: 봉산동 | H222: 강원특별자치도 원주시 봉산동 1202 | I222: =VLOOKUP(A:A,조사결과표!B:G,7,0) -> #N/A | J222: 원주시_필수_1 | K222: 511041419271 | L222: 37.3419995747, 127.9673939528 | M222: 136 | N222: 필수 | O222: 3
A223: 511039819256 | B223: 가로수 | C223: 1039800 | D223: 1925600 | E223: 강원특별자치도 | F223: 원주시 | G223: 단구동 | H223: 강원특별자치도 원주시 단구동 1591-11 | I223: =VLOOKUP(A:A,조사결과표!B:G,7,0) -> #N/A | J223: 원주시_필수_2 | K223: 511039819256 | L223: 37.3285490976, 127.9492504071 | M223: 178 | N223: 필수 | O223: 3
A224: 511038719272 | B224: 마을숲 | C224: 1038700 | D224: 1927200 | E224: 강원특별자치도 | F224: 원주시 | G224: 단계동 | H224: 강원특별자치도 원주시 단계동 798 | I224: =VLOOKUP(A:A,조사결과표!B:G,7,0) -> #N/A | J224: 원주시_필수_3 | K224: 511038719272 | L224: 37.343017437, 127.9369177987 | M224: 158 | N224: 필수 | O224: 3
A225: 511027719232 | B225: 경관숲 | C225: 1027700 | D225: 1923200 | E225: 강원특별자치도 | F225: 원주시 | G225: 문막읍 | H225: 강원특별자치도 원주시 문막읍 문막리 924-13 | I225: =VLOOKUP(A:A,조사결과표!B:G,7,0) -> #N/A | J225: 원주시_필수_4 | K225: 511027719232 | L225: 37.3073557023, 127.8125819178 | M225: 57 | N225: 필수 | O225: 3
A226: 511041619270 | B226: 경관숲 | C226: 1041600 | D226: 1927000 | E226: 강원특별자치도 | F226: 원주시 | G226: 행구동 | H226: 강원특별자치도 원주시 행구동 1817-8 | I226: =VLOOKUP(A:A,조사결과표!B:G,7,0) -> #N/A | J226: 원주시_필수_5 | K226: 511041619270 | L226: 37.3410892723, 127.9696462124 | M226: 137 | N226: 필수 | O226: 3
A227: 511033519339 | B227: 경관숲 | C227: 1033500 | D227: 1933900 | E227: 강원특별자치도 | F227: 원주시 | G227: 지정면 | H227: 강원특별자치도 원주시 지정면 월송리 12-1 | I227: =VLOOKUP(A:A,조사결과표!B:G,7,0) -> #N/A | J227: 원주시_필수_6 | K227: 511033519339 | L227: 37.4036112262, 127.8785150882 | M227: 103 | N227: 필수 | O227: 3
A228: 511038619305 | B228: 학교숲 | C228: 1038600 | D228: 1930500 | E228: 강원특별자치도 | F228: 원주시 | G228: 우산동 | H228: 강원특별자치도 원주시 우산동 307-1 | I228: =VLOOKUP(A:A,조사결과표!B:G,7,0) -> #N/A | J228: 원주시_필수_7 | K228: 511038619305 | L228: 37.3727665551, 127.9359608562 | M228: 129 | N228: 필수 | O228: 3
A229: 511036619292 | B229: 경관숲 | C229: 1036600 | D229: 1929200 | E229: 강원특별자치도 | F229: 원주시 | G229: 호저면 | H229: 강원특별자치도 원주시 호저면 만종리 산74-8 | I229: =VLOOKUP(A:A,조사결과표!B:G,7,0) -> #N/A | J229: 원주시_필수_8 | K229: 511036619292 | L229: 37.3611299353, 127.9133084818 | M229: 116 | N229: 필수 | O229: 3
A230: 511038419293 | B230: 마을숲 | C230: 1038400 | D230: 1929300 | E230: 강원특별자치도 | F230: 원주시 | G230: 우산동 | H230: 강원특별자치도 원주시 우산동 170 | I230: =VLOOKUP(A:A,조사결과표!B:G,7,0) -> #N/A | J230: 원주시_필수_9 | K230: 511038419293 | L230: 37.361958527, 127.9336397953 | M230: 134 | N230: 필수 | O230: 3
A231: 511039419283 | B231: 마을숲 | C231: 1039400 | D231: 1928300 | E231: 강원특별자치도 | F231: 원주시 | G231: 학성동 | H231: 강원특별자치도 원주시 학성동 223-26 | I231: =VLOOKUP(A:A,조사결과표!B:G,7,0) -> #N/A | J231: 원주시_필수_10 | K231: 511039419283 | L231: 37.3529029764, 127.9448789865 | M231: 125 | N231: 필수 | O231: 3
A232: 511041819239 | B232: 마을숲 | C232: 1041800 | D232: 1923900 | E232: 강원특별자치도 | F232: 원주시 | G232: 관설동 | H232: 강원특별자치도 원주시 관설동 1334-4 | I232: =VLOOKUP(A:A,조사결과표!B:G,7,0) -> #N/A | J232: 원주시_필수_11 | K232: 511041819239 | L232: 37.3131380516, 127.9717293382 | M232: 165 | N232: 필수 | O232: 3
A233: 511040119275 | B233: 도시숲 | C233: 1040100 | D233: 1927500 | E233: 강원특별자치도 | F233: 원주시 | G233: 원동 | H233: 강원특별자치도 원주시 원동 85-3 | I233: =VLOOKUP(A:A,조사결과표!B:G,7,0) -> #N/A | J233: 원주시_필수_12 | K233: 511040119275 | L233: 37.3456620959, 127.952739402 | M233: 127 | N233: 필수 | O233: 3
... A258: 511062220148 | B258: 경관숲 | C258: 1062200 | D258: 2014800 | E258: 강원특별자치도 | F258: 인제군 | G258: 북면 | H258: 강원특별자치도 인제군 북면 원통리 574-2 | I258: =VLOOKUP(A:A,조사결과표!B:G,7,0) -> #N/A | J258: 인제군_필수_14 | K258: 511062220148 | L258: 38.1312455292, 128.209712178 | M258: 261 | N258: 필수 | O258: 4
A259: 511061720136 | B259: 가로수 | C259: 1061700 | D259: 2013600 | E259: 강원특별자치도 | F259: 인제군 | G259: 북면 | H259: 강원특별자치도 인제군 북면 원통리 716 | I259: =VLOOKUP(A:A,조사결과표!B:G,7,0) -> #N/A | J259: 인제군_예비_1 | K259: 511061720136 | L259: 38.1204654267, 128.2039036428 | M259: 223 | N259: 예비 | O259: 4, 5
A260: 511062120258 | B260: 마을숲 | C260: 1062100 | D260: 2025800 | E260: 강원특별자치도 | F260: 인제군 | G260: 서화면 | H260: 강원특별자치도 인제군 서화면 천도리 476 | I260: =VLOOKUP(A:A,조사결과표!B:G,7,0) -> #N/A | J260: 인제군_예비_2 | K260: 511062120258 | L260: 38.2303836488, 128.2095320048 | M260: 300 | N260: 예비 | O260: 4, 5
A261: 511061920140 | B261: 도시숲 | C261: 1061900 | D261: 2014000 | E261: 강원특별자치도 | F261: 인제군 | G261: 북면 | H261: 강원특별자치도 인제군 북면 원통리 652-2 | I261: =VLOOKUP(A:A,조사결과표!B:G,7,0) -> #N/A | J261: 인제군_예비_3 | K261: 511061920140 | L261: 38.1240565447, 128.206219904 | M261: 224 | N261: 예비 | O261: 4, 5
A262: 511071619948 | B262: 경관숲 | C262: 1071600 | D262: 1994800 | E262: 강원특별자치도 | F262: 인제군 | G262: 기린면 | H262: 강원특별자치도 인제군 기린면 현리 1284-49 | I262: =VLOOKUP(A:A,조사결과표!B:G,7,0) -> #N/A | J262: 인제군_예비_4 | K262: 511071619948 | L262: 37.9503101934, 128.3149582149 | M262: 292 | N262: 예비 | O262: 4, 5
A263: 511062820264 | B263: 경관숲 | C263: 1062800 | D263: 2026400 | E263: 강원특별자치도 | F263: 인제군 | G263: 서화면 | H263: 강원특별자치도 인제군 서화면 천도리 312 | I263: =VLOOKUP(A:A,조사결과표!B:G,7,0) -> #N/A | J263: 인제군_예비_5 | K263: 511062820264 | L263: 38.2357421312, 128.2175825072 | M263: 332 | N263: 예비 | O263: 4, 5
A264: 511062920265 | B264: 경관숲 | C264: 1062900 | D264: 2026500 | E264: 강원특별자치도 | F264: 인제군 | G264: 서화면 | H264: 강원특별자치도 인제군 서화면 천도리 80 | I264: =VLOOKUP(A:A,조사결과표!B:G,7,0) -> #N/A | J264: 인제군_예비_6 | K264: 511062920265 | L264: 38.2366363226, 128.2187339425 | M264: 348 | N264: 예비 | O264: 4, 5
A265: 511060220088 | B265: 경관숲 | C265: 1060200 | D265: 2008800 | E265: 강원특별자치도 | F265: 인제군 | G265: 인제읍 | H265: 강원특별자치도 인제군 인제읍 합강리 221-13 | I265: =VLOOKUP(A:A,조사결과표!B:G,7,0) -> #N/A | J265: 인제군_예비_7 | K265: 511060220088 | L265: 38.0773086303, 128.18638729 | M265: 203 | N265: 예비 | O265: 4, 5
A266: 511117119150 | B266: 가로수 | C266: 1117100 | D266: 1915000 | E266: 강원특별자치도 | F266: 정선군 | G266: 사북읍 | H266: 강원특별자치도 정선군 사북읍 사북리 산153-12 | I266: =VLOOKUP(A:A,조사결과표!B:G,7,0) -> #N/A | J266: 정선군_필수_1 | K266: 511117119150 | L266: 37.2264971192, 128.8199783076 | M266: 609 | N266: 필수 | O266: 2
A267: 511101419136 | B267: 가로수 | C267: 1101400 | D267: 1913600 | E267: 강원특별자치도 | F267: 정선군 | G267: 신동읍 | H267: 강원특별자치도 정선군 신동읍 예미리 695-9 | I267: =VLOOKUP(A:A,조사결과표!B:G,7,0) -> #N/A | J267: 정선군_필수_2 | K267: 511101419136 | L267: 37.2157200211, 128.6428484879 | M267: 391 | N267: 필수 | O267: 2
A268: 511097619413 | B268: 경관숲 | C268: 1097600 | D268: 1941300 | E268: 강원특별자치도 | F268: 정선군 | G268: 북평면 | H268: 강원특별자치도 정선군 북평면 숙암리 산412 | I268: =VLOOKUP(A:A,조사결과표!B:G,7,0) -> #N/A | J268: 정선군_필수_3 | K268: 511097619413 | L268: 37.4657644988, 128.603674757 | M268: 643 | N268: 필수 | O268: 2
A269: 511119719131 | B269: 마을숲 | C269: 1119700 | D269: 1913100 | E269: 강원특별자치도 | F269: 정선군 | G269: 고한읍 | H269: 강원특별자치도 정선군 고한읍 고한리 110-24 | I269: =VLOOKUP(A:A,조사결과표!B:G,7,0) -> #N/A | J269: 정선군_필수_4 | K269: 511119719131 | L269: 37.2090448575, 128.8489738053 | M269: 769 | N269: 필수 | O269: 2
A270: 511102719316 | B270: 경관숲 | C270: 1102700 | D270: 1931600 | E270: 강원특별자치도 | F270: 정선군 | G270: 정선읍 | H270: 강원특별자치도 정선군 정선읍 봉양리 194-5 | I270: =VLOOKUP(A:A,조사결과표!B:G,7,0) -> #N/A | J270: 정선군_필수_5 | K270: 511102719316 | L270: 37.3777960795, 128.6599863218 | M270: 305 | N270: 필수 | O270: 2
A271: 511120619449 | B271: 경관숲 | C271: 1120600 | D271: 1944900 | E271: 강원특별자치도 | F271: 정선군 | G271: 임계면 | H271: 강원특별자치도 정선군 임계면 송계리 344-1 | I271: =VLOOKUP(A:A,조사결과표!B:G,7,0) -> #N/A | J271: 정선군_필수_6 | K271: 511120619449 | L271: 37.4954895472, 128.8642908126 | M271: 504 | N271: 필수 | O271: 2
A272: 511107619421 | B272: 경관숲 | C272: 1107600 | D272: 1942100 | E272: 강원특별자치도 | F272: 정선군 | G272: 여량면 | H272: 강원특별자치도 정선군 여량면 여량리 771-3 | I272: =VLOOKUP(A:A,조사결과표!B:G,7,0) -> #N/A | J272: 정선군_필수_7 | K272: 511107619421 | L272: 37.4718636697, 128.7168508059 | M272: 371 | N272: 필수 | O272: 2
A273: 511119419149 | B273: 경관숲 | C273: 1119400 | D273: 1914900 | E273: 강원특별자치도 | F273: 정선군 | G273: 사북읍 | H273: 강원특별자치도 정선군 사북읍 사북리 산70-1 | I273: =VLOOKUP(A:A,조사결과표!B:G,7,0) -> #N/A | J273: 정선군_필수_8 | K273: 511119419149 | L273: 37.2253041981, 128.8458819589 | M273: 807 | N273: 필수 | O273: 2
A274: 511097319395 | B274: 경관숲 | C274: 1097300 | D274: 1939500 | E274: 강원특별자치도 | F274: 정선군 | G274: 북평면 | H274: 강원특별자치도 정선군 북평면 숙암리 산400-42 | I274: =VLOOKUP(A:A,조사결과표!B:G,7,0) -> #N/A | J274: 정선군_필수_9 | K274: 511097319395 | L274: 37.4495744154, 128.6000452246 | M274: 1199 | N274: 필수 | O274: 2
A275: 511105619134 | B275: 마을숲 | C275: 1105600 | D275: 1913400 | E275: 강원특별자치도 | F275: 정선군 | G275: 신동읍 | H275: 강원특별자치도 정선군 신동읍 조동리 6-27 | I275: =VLOOKUP(A:A,조사결과표!B:G,7,0) -> #N/A | J275: 정선군_필수_10 | K275: 511105619134 | L275: 37.213451435, 128.6901479584 | M275: 528 | N275: 필수 | O275: 2
A276: 511113919164 | B276: 경관숲 | C276: 1113900 | D276: 1916400 | E276: 강원특별자치도 | F276: 정선군 | G276: 남면 | H276: 강원특별자치도 정선군 남면 무릉리 555-5 | I276: =VLOOKUP(A:A,조사결과표!B:G,7,0) -> #N/A | J276: 정선군_필수_11 | K276: 511113919164 | L276: 37.2395101421, 128.7841295396 | M276: 524 | N276: 필수 | O276: 2
A277: 511103719405 | B277: 경관숲 | C277: 1103700 | D277: 1940500 | E277: 강원특별자치도 | F277: 정선군 | G277: 북평면 | H277: 강원특별자치도 정선군 북평면 북평리 876 | I277: =VLOOKUP(A:A,조사결과표!B:G,7,0) -> #N/A | J277: 정선군_필수_12 | K277: 511103719405 | L277: 37.4578906914, 128.6725290017 | M277: 364 | N277: 필수 | O277: 2
... A506: 511042019430 | B506: 마을숲 | C506: 1042000 | D506: 1943000 | E506: 강원특별자치도 | F506: 횡성군 | G506: 횡성읍 | H506: 강원특별자치도 횡성군 횡성읍 읍하리 599 | I506: =VLOOKUP(A:A,조사결과표!B:G,7,0) -> #N/A | J506: 횡성군_필수_51 | K506: 511042019430 | L506: 37.48528709, 127.9750718526 | M506: 109 | N506: 필수 | O506: 4
A507: 511043719440 | B507: 가로수 | C507: 1043700 | D507: 1944000 | E507: 강원특별자치도 | F507: 횡성군 | G507: 횡성읍 | H507: 강원특별자치도 횡성군 횡성읍 북천리 116 | I507: =VLOOKUP(A:A,조사결과표!B:G,7,0) -> #N/A | J507: 횡성군_예비_1 | K507: 511043719440 | L507: 37.4942215527, 127.9943597071 | M507: 162 | N507: 예비 | O507: 3, 4
...

Sheet 조사결과표
A1: 차수 | B1: 표본점번호 | C1: 광역시도 | D1: 시군구 | E1: 유형 | F1: 조사일자 | G1: 조사가능불가 | H1: 제외사유 | I1: 팀장 | J1: 팀원 | K1: 팀원 | L1: 엑셀 | M1: 사진 | N1: 표본점사진 | O1: 구조물사진 | P1: 라이다촬영 | Q1: 비고
A2: 1 | B2: 410977119997 | C2: =VLOOKUP($B:$B,표본점목록!$A:$E,5,0) -> 경기도 | D2: =VLOOKUP($B:$B,표본점목록!$A:$J,6,0) -> 포천시 | E2: =VLOOKUP(B:B,표본점목록!$A:$B,2,0) -> 경관숲 | F2: 20260707 | G2: 조사가능 | I2: 한성안 | J2: 한승훈 | L2: O | M2: O | N2: 5 | O2: 3
A3: 1 | B3: 410977120007 | C3: =VLOOKUP($B:$B,표본점목록!$A:$E,5,0) -> 경기도 | D3: =VLOOKUP($B:$B,표본점목록!$A:$J,6,0) -> 포천시 | E3: =VLOOKUP(B:B,표본점목록!$A:$B,2,0) -> 경관숲 | F3: 20260707 | G3: 조사가능 | I3: 한성안 | J3: 한승훈 | L3: O | M3: O | N3: 5 | O3: 3
A4: 1 | B4: 410977320001 | C4: =VLOOKUP($B:$B,표본점목록!$A:$E,5,0) -> 경기도 | D4: =VLOOKUP($B:$B,표본점목록!$A:$J,6,0) -> 포천시 | E4: =VLOOKUP(B:B,표본점목록!$A:$B,2,0) -> 마을숲 | F4: 20260707 | G4: 조사가능 | I4: 한성안 | J4: 한승훈 | L4: O | M4: O | N4: 5 | O4: 3
A5: 1 | B5: 410977820012 | C5: =VLOOKUP($B:$B,표본점목록!$A:$E,5,0) -> 경기도 | D5: =VLOOKUP($B:$B,표본점목록!$A:$J,6,0) -> 포천시 | E5: =VLOOKUP(B:B,표본점목록!$A:$B,2,0) -> 경관숲 | F5: 20260707 | G5: 조사가능 | I5: 한성안 | J5: 한승훈 | L5: O | M5: O | N5: 5 | O5: 3
A6: 1 | B6: 410977820014 | C6: =VLOOKUP($B:$B,표본점목록!$A:$E,5,0) -> 경기도 | D6: =VLOOKUP($B:$B,표본점목록!$A:$J,6,0) -> 포천시 | E6: =VLOOKUP(B:B,표본점목록!$A:$B,2,0) -> 경관숲 | F6: 20260707 | G6: 조사가능 | I6: 한성안 | J6: 한승훈 | L6: O | M6: O | N6: 5 | O6: 3
A7: 1 | B7: 410978220174 | C7: =VLOOKUP($B:$B,표본점목록!$A:$E,5,0) -> 경기도 | D7: =VLOOKUP($B:$B,표본점목록!$A:$J,6,0) -> 포천시 | E7: =VLOOKUP(B:B,표본점목록!$A:$B,2,0) -> 학교숲 | F7: 20260707 | G7: 조사가능 | I7: 한성안 | J7: 한승훈 | L7: O | M7: O | N7: 5 | O7: 3
A8: 1 | B8: 410978320175 | C8: =VLOOKUP($B:$B,표본점목록!$A:$E,5,0) -> 경기도 | D8: =VLOOKUP($B:$B,표본점목록!$A:$J,6,0) -> 포천시 | E8: =VLOOKUP(B:B,표본점목록!$A:$B,2,0) -> 마을숲 | F8: 20260707 | G8: 조사가능 | I8: 한성안 | J8: 한승훈 | L8: O | M8: O | N8: 5 | O8: 3
A9: 1 | B9: 410980120098 | C9: =VLOOKUP($B:$B,표본점목록!$A:$E,5,0) -> 경기도 | D9: =VLOOKUP($B:$B,표본점목록!$A:$J,6,0) -> 포천시 | E9: =VLOOKUP(B:B,표본점목록!$A:$B,2,0) -> 마을숲 | F9: 20260707 | G9: 조사가능 | I9: 한성안 | J9: 한승훈 | L9: O | M9: O | N9: 5 | O9: 3
A10: 1 | B10: 410980320101 | C10: =VLOOKUP($B:$B,표본점목록!$A:$E,5,0) -> 경기도 | D10: =VLOOKUP($B:$B,표본점목록!$A:$J,6,0) -> 포천시 | E10: =VLOOKUP(B:B,표본점목록!$A:$B,2,0) -> 학교숲 | F10: 20260707 | G10: 조사가능 | I10: 한성안 | J10: 한승훈 | L10: O | M10: O | N10: 5 | O10: 3
A11: 1 | B11: 410988120021 | C11: =VLOOKUP($B:$B,표본점목록!$A:$E,5,0) -> 경기도 | D11: =VLOOKUP($B:$B,표본점목록!$A:$J,6,0) -> 포천시 | E11: =VLOOKUP(B:B,표본점목록!$A:$B,2,0) -> 경관숲 | F11: 20260707 | G11: 조사가능 | I11: 한성안 | J11: 한승훈 | L11: O | M11: O | N11: 5 | O11: 3
A12: 1 | B12: 410971919877 | C12: =VLOOKUP($B:$B,표본점목록!$A:$E,5,0) -> 경기도 | D12: =VLOOKUP($B:$B,표본점목록!$A:$J,6,0) -> 포천시 | E12: =VLOOKUP(B:B,표본점목록!$A:$B,2,0) -> 경관숲 | F12: 20260708 | G12: 조사가능 | I12: 한성안 | J12: 한승훈 | L12: O | M12: O | N12: 5 | O12: -
A13: 1 | B13: 410973319887 | C13: =VLOOKUP($B:$B,표본점목록!$A:$E,5,0) -> 경기도 | D13: =VLOOKUP($B:$B,표본점목록!$A:$J,6,0) -> 포천시 | E13: =VLOOKUP(B:B,표본점목록!$A:$B,2,0) -> 마을숲 | F13: 20260708 | G13: 조사가능 | I13: 한성안 | J13: 한승훈 | L13: O | M13: O | N13: 5 | O13: 3
A14: 1 | B14: 410973519888 | C14: =VLOOKUP($B:$B,표본점목록!$A:$E,5,0) -> 경기도 | D14: =VLOOKUP($B:$B,표본점목록!$A:$J,6,0) -> 포천시 | E14: =VLOOKUP(B:B,표본점목록!$A:$B,2,0) -> 가로수 | F14: 20260708 | G14: 조사가능 | I14: 한성안 | J14: 한승훈 | L14: O | M14: O | N14: 5 | O14: -
A15: 1 | B15: 410973519894 | C15: =VLOOKUP($B:$B,표본점목록!$A:$E,5,0) -> 경기도 | D15: =VLOOKUP($B:$B,표본점목록!$A:$J,6,0) -> 포천시 | E15: =VLOOKUP(B:B,표본점목록!$A:$B,2,0) -> 경관숲 | F15: 20260708 | G15: 조사가능 | I15: 한성안 | J15: 한승훈 | L15: O | M15: O | N15: 5 | O15: 3
A16: 1 | B16: 410973919870 | C16: =VLOOKUP($B:$B,표본점목록!$A:$E,5,0) -> 경기도 | D16: =VLOOKUP($B:$B,표본점목록!$A:$J,6,0) -> 포천시 | E16: =VLOOKUP(B:B,표본점목록!$A:$B,2,0) -> 도시숲 | F16: 20260708 | G16: 조사가능 | I16: 한성안 | J16: 한승훈 | L16: O | M16: O | N16: 5 | O16: 3
A17: 1 | B17: 410974119871 | C17: =VLOOKUP($B:$B,표본점목록!$A:$E,5,0) -> 경기도 | D17: =VLOOKUP($B:$B,표본점목록!$A:$J,6,0) -> 포천시 | E17: =VLOOKUP(B:B,표본점목록!$A:$B,2,0) -> 도시숲 | F17: 20260708 | G17: 조사가능 | I17: 한성안 | J17: 한승훈 | L17: O | M17: O | N17: 5 | O17: 3
A18: 1 | B18: 410974419890 | C18: =VLOOKUP($B:$B,표본점목록!$A:$E,5,0) -> 경기도 | D18: =VLOOKUP($B:$B,표본점목록!$A:$J,6,0) -> 포천시 | E18: =VLOOKUP(B:B,표본점목록!$A:$B,2,0) -> 마을숲 | F18: 20260708 | G18: 조사가능 | I18: 한성안 | J18: 한승훈 | L18: O | M18: O | N18: 5 | O18: 3
A19: 1 | B19: 410974819877 | C19: =VLOOKUP($B:$B,표본점목록!$A:$E,5,0) -> 경기도 | D19: =VLOOKUP($B:$B,표본점목록!$A:$J,6,0) -> 포천시 | E19: =VLOOKUP(B:B,표본점목록!$A:$B,2,0) -> 경관숲 | F19: 20260708 | G19: 조사가능 | I19: 한성안 | J19: 한승훈 | L19: O | M19: O | N19: 5 | O19: 3
A20: 1 | B20: 410974819901 | C20: =VLOOKUP($B:$B,표본점목록!$A:$E,5,0) -> 경기도 | D20: =VLOOKUP($B:$B,표본점목록!$A:$J,6,0) -> 포천시 | E20: =VLOOKUP(B:B,표본점목록!$A:$B,2,0) -> 경관숲 | F20: 20260708 | G20: 조사가능 | I20: 한성안 | J20: 한승훈 | L20: O | M20: O | N20: 5 | O20: 3
A21: 1 | B21: 410974919876 | C21: =VLOOKUP($B:$B,표본점목록!$A:$E,5,0) -> 경기도 | D21: =VLOOKUP($B:$B,표본점목록!$A:$J,6,0) -> 포천시 | E21: =VLOOKUP(B:B,표본점목록!$A:$B,2,0) -> 가로수 | F21: 20260708 | G21: 조사가능 | I21: 한성안 | J21: 한승훈 | L21: O | M21: O | N21: 5 | O21: -
A22: 1 | B22: 410975119877 | C22: =VLOOKUP($B:$B,표본점목록!$A:$E,5,0) -> 경기도 | D22: =VLOOKUP($B:$B,표본점목록!$A:$J,6,0) -> 포천시 | E22: =VLOOKUP(B:B,표본점목록!$A:$B,2,0) -> 마을숲 | F22: 20260708 | G22: 조사가능 | I22: 한성안 | J22: 한승훈 | L22: O | M22: O | N22: 5 | O22: 3
A23: 1 | B23: 410971719880 | C23: =VLOOKUP($B:$B,표본점목록!$A:$E,5,0) -> 경기도 | D23: =VLOOKUP($B:$B,표본점목록!$A:$J,6,0) -> 포천시 | E23: =VLOOKUP(B:B,표본점목록!$A:$B,2,0) -> 경관숲 | F23: 20260708 | G23: 조사불가 | H23: 출입금지 | I23: 한성안 | J23: 한승훈 | L23: - | M23: - | N23: - | O23: -
A24: 1 | B24: 410973119897 | C24: =VLOOKUP($B:$B,표본점목록!$A:$E,5,0) -> 경기도 | D24: =VLOOKUP($B:$B,표본점목록!$A:$J,6,0) -> 포천시 | E24: =VLOOKUP(B:B,표본점목록!$A:$B,2,0) -> 경관숲 | F24: 20260708 | G24: 조사불가 | H24: 조경수농장 | I24: 한성안 | J24: 한승훈 | L24: - | M24: - | N24: - | O24: -
A25: 1 | B25: 410974719896 | C25: =VLOOKUP($B:$B,표본점목록!$A:$E,5,0) -> 경기도 | D25: =VLOOKUP($B:$B,표본점목록!$A:$J,6,0) -> 포천시 | E25: =VLOOKUP(B:B,표본점목록!$A:$B,2,0) -> 경관숲 | F25: 20260708 | G25: 조사불가 | H25: 조경수농장 | I25: 한성안 | J25: 한승훈 | L25: - | M25: - | N25: - | O25: -
A26: 1 | B26: 410968719807 | C26: =VLOOKUP($B:$B,표본점목록!$A:$E,5,0) -> 경기도 | D26: =VLOOKUP($B:$B,표본점목록!$A:$J,6,0) -> 포천시 | E26: =VLOOKUP(B:B,표본점목록!$A:$B,2,0) -> 마을숲 | F26: 20260709 | G26: 조사가능 | I26: 한성안 | J26: 한승훈 | L26: O | M26: O | N26: 5 | O26: 3
A27: 1 | B27: 410968319809 | C27: =VLOOKUP($B:$B,표본점목록!$A:$E,5,0) -> 경기도 | D27: =VLOOKUP($B:$B,표본점목록!$A:$J,6,0) -> 포천시 | E27: =VLOOKUP(B:B,표본점목록!$A:$B,2,0) -> 마을숲 | F27: 20260709 | G27: 조사가능 | I27: 한성안 | J27: 한승훈 | L27: O | M27: O | N27: 5 | O27: 3
A28: 1 | B28: 410968419811 | C28: =VLOOKUP($B:$B,표본점목록!$A:$E,5,0) -> 경기도 | D28: =VLOOKUP($B:$B,표본점목록!$A:$J,6,0) -> 포천시 | E28: =VLOOKUP(B:B,표본점목록!$A:$B,2,0) -> 마을숲 | F28: 20260709 | G28: 조사가능 | I28: 한성안 | J28: 한승훈 | L28: O | M28: O | N28: 5 | O28: 3
A29: 1 | B29: 410968819817 | C29: =VLOOKUP($B:$B,표본점목록!$A:$E,5,0) -> 경기도 | D29: =VLOOKUP($B:$B,표본점목록!$A:$J,6,0) -> 포천시 | E29: =VLOOKUP(B:B,표본점목록!$A:$B,2,0) -> 학교숲 | F29: 20260709 | G29: 조사가능 | I29: 한성안 | J29: 한승훈 | L29: O | M29: O | N29: 5 | O29: 3
A30: 1 | B30: 410969019816 | C30: =VLOOKUP($B:$B,표본점목록!$A:$E,5,0) -> 경기도 | D30: =VLOOKUP($B:$B,표본점목록!$A:$J,6,0) -> 포천시 | E30: =VLOOKUP(B:B,표본점목록!$A:$B,2,0) -> 마을숲 | F30: 20260709 | G30: 조사가능 | I30: 한성안 | J30: 한승훈 | L30: O | M30: O | N30: 5 | O30: 3
A31: 1 | B31: 410969219818 | C31: =VLOOKUP($B:$B,표본점목록!$A:$E,5,0) -> 경기도 | D31: =VLOOKUP($B:$B,표본점목록!$A:$J,6,0) -> 포천시 | E31: =VLOOKUP(B:B,표본점목록!$A:$B,2,0) -> 경관숲 | F31: 20260709 | G31: 조사가능 | I31: 한성안 | J31: 한승훈 | L31: O | M31: O | N31: 5 | O31: 3
A32: 1 | B32: 410968919812 | C32: =VLOOKUP($B:$B,표본점목록!$A:$E,5,0) -> 경기도 | D32: =VLOOKUP($B:$B,표본점목록!$A:$J,6,0) -> 포천시 | E32: =VLOOKUP(B:B,표본점목록!$A:$B,2,0) -> 마을숲 | F32: 20260709 | G32: 조사가능 | I32: 한성안 | J32: 한승훈 | L32: O | M32: O | N32: 5 | O32: 3
A33: 1 | B33: 410976619951 | C33: =VLOOKUP($B:$B,표본점목록!$A:$E,5,0) -> 경기도 | D33: =VLOOKUP($B:$B,표본점목록!$A:$J,6,0) -> 포천시 | E33: =VLOOKUP(B:B,표본점목록!$A:$B,2,0) -> 도시숲 | F33: 20260709 | G33: 조사불가 | H33: 무립목지 | I33: 한성안 | J33: 한승훈 | L33: - | M33: - | N33: - | O33: -
A34: 2 | B34: 410969919840 | C34: =VLOOKUP($B:$B,표본점목록!$A:$E,5,0) -> 경기도 | D34: =VLOOKUP($B:$B,표본점목록!$A:$J,6,0) -> 포천시 | E34: =VLOOKUP(B:B,표본점목록!$A:$B,2,0) -> 마을숲 | F34: 20260713 | G34: 조사가능 | I34: 한성안 | J34: 한승훈 | L34: O | M34: O | N34: 5 | O34: 3
A35: 2 | B35: 410970019841 | C35: =VLOOKUP($B:$B,표본점목록!$A:$E,5,0) -> 경기도 | D35: =VLOOKUP($B:$B,표본점목록!$A:$J,6,0) -> 포천시 | E35: =VLOOKUP(B:B,표본점목록!$A:$B,2,0) -> 마을숲 | F35: 20260713 | G35: 조사가능 | I35: 한성안 | J35: 한승훈 | L35: O | M35: O | N35: 5 | O35: 3
A36: 2 | B36: 410973619875 | C36: =VLOOKUP($B:$B,표본점목록!$A:$E,5,0) -> 경기도 | D36: =VLOOKUP($B:$B,표본점목록!$A:$J,6,0) -> 포천시 | E36: =VLOOKUP(B:B,표본점목록!$A:$B,2,0) -> 경관숲 | F36: 20260713 | G36: 조사가능 | I36: 한성안 | J36: 한승훈 | L36: O | M36: O | N36: 5 | O36: 3
A37: 2 | B37: 410975719761 | C37: =VLOOKUP($B:$B,표본점목록!$A:$E,5,0) -> 경기도 | D37: =VLOOKUP($B:$B,표본점목록!$A:$J,6,0) -> 포천시 | E37: =VLOOKUP(B:B,표본점목록!$A:$B,2,0) -> 경관숲 | F37: 20260713 | G37: 조사가능 | I37: 한성안 | J37: 한승훈 | L37: O | M37: O | N37: 5 | O37: 1
A38: 2 | B38: 410975819751 | C38: =VLOOKUP($B:$B,표본점목록!$A:$E,5,0) -> 경기도 | D38: =VLOOKUP($B:$B,표본점목록!$A:$J,6,0) -> 포천시 | E38: =VLOOKUP(B:B,표본점목록!$A:$B,2,0) -> 경관숲 | F38: 20260713 | G38: 조사가능 | I38: 한성안 | J38: 한승훈 | L38: O | M38: O | N38: 5 | O38: 2
A39: 2 | B39: 410976019749 | C39: =VLOOKUP($B:$B,표본점목록!$A:$E,5,0) -> 경기도 | D39: =VLOOKUP($B:$B,표본점목록!$A:$J,6,0) -> 포천시 | E39: =VLOOKUP(B:B,표본점목록!$A:$B,2,0) -> 경관숲 | F39: 20260713 | G39: 조사가능 | I39: 한성안 | J39: 한승훈 | L39: O | M39: O | N39: 5 | O39: 3
A40: 2 | B40: 410977619773 | C40: =VLOOKUP($B:$B,표본점목록!$A:$E,5,0) -> 경기도 | D40: =VLOOKUP($B:$B,표본점목록!$A:$J,6,0) -> 포천시 | E40: =VLOOKUP(B:B,표본점목록!$A:$B,2,0) -> 경관숲 | F40: 20260713 | G40: 조사가능 | I40: 한성안 | J40: 한승훈 | L40: O | M40: O | N40: 5 | O40: 2
A41: 2 | B41: 410970619836 | C41: =VLOOKUP($B:$B,표본점목록!$A:$E,5,0) -> 경기도 | D41: =VLOOKUP($B:$B,표본점목록!$A:$J,6,0) -> 포천시 | E41: =VLOOKUP(B:B,표본점목록!$A:$B,2,0) -> 마을숲 | F41: 20260713 | G41: 조사불가 | H41: 출입금지 | I41: 한성안 | J41: 한승훈 | L41: - | M41: - | N41: - | O41: -
A42: 2 | B42: 410969719845 | C42: =VLOOKUP($B:$B,표본점목록!$A:$E,5,0) -> 경기도 | D42: =VLOOKUP($B:$B,표본점목록!$A:$J,6,0) -> 포천시 | E42: =VLOOKUP(B:B,표본점목록!$A:$B,2,0) -> 마을숲 | F42: 20260713 | G42: 조사불가 | H42: 출입금지 | I42: 한성안 | J42: 한승훈 | L42: - | M42: - | N42: - | O42: -
A43: 2 | B43: 410972119830 | C43: =VLOOKUP($B:$B,표본점목록!$A:$E,5,0) -> 경기도 | D43: =VLOOKUP($B:$B,표본점목록!$A:$J,6,0) -> 포천시 | E43: =VLOOKUP(B:B,표본점목록!$A:$B,2,0) -> 마을숲 | F43: 20260713 | G43: 조사불가 | H43: 출입금지 | I43: 한성안 | J43: 한승훈 | L43: - | M43: - | N43: - | O43: -
A44: 2 | B44: 410975819765 | C44: =VLOOKUP($B:$B,표본점목록!$A:$E,5,0) -> 경기도 | D44: =VLOOKUP($B:$B,표본점목록!$A:$J,6,0) -> 포천시 | E44: =VLOOKUP(B:B,표본점목록!$A:$B,2,0) -> 경관숲 | F44: 20260713 | G44: 조사불가 | H44: 출입금지 | I44: 한성안 | J44: 한승훈 | L44: - | M44: - | N44: - | O44: -
A45: 2 | B45: 410975719760 | C45: =VLOOKUP($B:$B,표본점목록!$A:$E,5,0) -> 경기도 | D45: =VLOOKUP($B:$B,표본점목록!$A:$J,6,0) -> 포천시 | E45: =VLOOKUP(B:B,표본점목록!$A:$B,2,0) -> 경관숲 | F45: 20260713 | G45: 조사불가 | H45: 경작지 | I45: 한성안 | J45: 한승훈 | L45: - | M45: - | N45: - | O45: -
A46: 2 | B46: 410976119750 | C46: =VLOOKUP($B:$B,표본점목록!$A:$E,5,0) -> 경기도 | D46: =VLOOKUP($B:$B,표본점목록!$A:$J,6,0) -> 포천시 | E46: =VLOOKUP(B:B,표본점목록!$A:$B,2,0) -> 경관숲 | F46: 20260713 | G46: 조사불가 | H46: 개발지역 | I46: 한성안 | J46: 한승훈 | L46: - | M46: - | N46: - | O46: -
A47: 2 | B47: 410967619800 | C47: =VLOOKUP($B:$B,표본점목록!$A:$E,5,0) -> 경기도 | D47: =VLOOKUP($B:$B,표본점목록!$A:$J,6,0) -> 포천시 | E47: =VLOOKUP(B:B,표본점목록!$A:$B,2,0) -> 경관숲 | F47: 20260714 | G47: 조사가능 | I47: 한성안 | J47: 한승훈 | L47: O | M47: O | N47: 5 | O47: 1
A48: 2 | B48: 410972419886 | C48: =VLOOKUP($B:$B,표본점목록!$A:$E,5,0) -> 경기도 | D48: =VLOOKUP($B:$B,표본점목록!$A:$J,6,0) -> 포천시 | E48: =VLOOKUP(B:B,표본점목록!$A:$B,2,0) -> 경관숲 | F48: 20260714 | G48: 조사가능 | I48: 한성안 | J48: 한승훈 | L48: O | M48: O | N48: 5 | O48: 2
A49: 2 | B49: 410972619892 | C49: =VLOOKUP($B:$B,표본점목록!$A:$E,5,0) -> 경기도 | D49: =VLOOKUP($B:$B,표본점목록!$A:$J,6,0) -> 포천시 | E49: =VLOOKUP(B:B,표본점목록!$A:$B,2,0) -> 경관숲 | F49: 20260714 | G49: 조사가능 | I49: 한성안 | J49: 한승훈 | L49: O | M49: O | N49: 5 | O49: 2
A50: 2 | B50: 410973519879 | C50: =VLOOKUP($B:$B,표본점목록!$A:$E,5,0) -> 경기도 | D50: =VLOOKUP($B:$B,표본점목록!$A:$J,6,0) -> 포천시 | E50: =VLOOKUP(B:B,표본점목록!$A:$B,2,0) -> 경관숲 | F50: 20260714 | G50: 조사가능 | I50: 한성안 | J50: 한승훈 | L50: O | M50: O | N50: 5 | O50: 3
A51: 2 | B51: 410973719894 | C51: =VLOOKUP($B:$B,표본점목록!$A:$E,5,0) -> 경기도 | D51: =VLOOKUP($B:$B,표본점목록!$A:$J,6,0) -> 포천시 | E51: =VLOOKUP(B:B,표본점목록!$A:$B,2,0) -> 마을숲 | F51: 20260714 | G51: 조사가능 | I51: 한성안 | J51: 한승훈 | L51: O | M51: O | N51: 5 | O51: 2
A52: 2 | B52: 410974819890 | C52: =VLOOKUP($B:$B,표본점목록!$A:$E,5,0) -> 경기도 | D52: =VLOOKUP($B:$B,표본점목록!$A:$J,6,0) -> 포천시 | E52: =VLOOKUP(B:B,표본점목록!$A:$B,2,0) -> 마을숲 | F52: 20260714 | G52: 조사가능 | I52: 한성안 | J52: 한승훈 | L52: O | M52: O | N52: 5 | O52: 3
A53: 2 | B53: 410974919875 | C53: =VLOOKUP($B:$B,표본점목록!$A:$E,5,0) -> 경기도 | D53: =VLOOKUP($B:$B,표본점목록!$A:$J,6,0) -> 포천시 | E53: =VLOOKUP(B:B,표본점목록!$A:$B,2,0) -> 경관숲 | F53: 20260714 | G53: 조사가능 | I53: 한성안 | J53: 한승훈 | L53: O | M53: O | N53: 5 | O53: 1
A54: 3 | B54: 410960120146 | C54: =VLOOKUP($B:$B,표본점목록!$A:$E,5,0) -> 경기도 | D54: =VLOOKUP($B:$B,표본점목록!$A:$J,6,0) -> 연천군 | E54: =VLOOKUP(B:B,표본점목록!$A:$B,2,0) -> 도시숲 | F54: 20260720 | G54: 조사가능 | I54: 한성안 | J54: 한승훈 | L54: O | M54: O | N54: 5 | O54: 3
A55: 3 | B55: 410961020013 | C55: =VLOOKUP($B:$B,표본점목록!$A:$E,5,0) -> 경기도 | D55: =VLOOKUP($B:$B,표본점목록!$A:$J,6,0) -> 연천군 | E55: =VLOOKUP(B:B,표본점목록!$A:$B,2,0) -> 경관숲 | F55: 20260720 | G55: 조사가능 | I55: 한성안 | J55: 한승훈 | L55: O | M55: O | N55: 5 | O55: 3
A56: 3 | B56: 410961720009 | C56: =VLOOKUP($B:$B,표본점목록!$A:$E,5,0) -> 경기도 | D56: =VLOOKUP($B:$B,표본점목록!$A:$J,6,0) -> 연천군 | E56: =VLOOKUP(B:B,표본점목록!$A:$B,2,0) -> 도시숲 | F56: 20260720 | G56: 조사가능 | I56: 한성안 | J56: 한승훈 | L56: O | M56: O | N56: 5 | O56: 3
A57: 3 | B57: 410961720024 | C57: =VLOOKUP($B:$B,표본점목록!$A:$E,5,0) -> 경기도 | D57: =VLOOKUP($B:$B,표본점목록!$A:$J,6,0) -> 연천군 | E57: =VLOOKUP(B:B,표본점목록!$A:$B,2,0) -> 가로수 | F57: 20260720 | G57: 조사가능 | I57: 한성안 | J57: 한승훈 | L57: O | M57: O | N57: 5 | O57: -
A58: 3 | B58: 410961820013 | C58: =VLOOKUP($B:$B,표본점목록!$A:$E,5,0) -> 경기도 | D58: =VLOOKUP($B:$B,표본점목록!$A:$J,6,0) -> 연천군 | E58: =VLOOKUP(B:B,표본점목록!$A:$B,2,0) -> 경관숲 | F58: 20260720 | G58: 조사가능 | I58: 한성안 | J58: 한승훈 | L58: O | M58: O | N58: 5 | O58: 3
A59: 3 | B59: 410962320012 | C59: =VLOOKUP($B:$B,표본점목록!$A:$E,5,0) -> 경기도 | D59: =VLOOKUP($B:$B,표본점목록!$A:$J,6,0) -> 연천군 | E59: =VLOOKUP(B:B,표본점목록!$A:$B,2,0) -> 가로수 | F59: 20260720 | G59: 조사가능 | I59: 한성안 | J59: 한승훈 | L59: O | M59: O | N59: 5 | O59: -
A60: 3 | B60: 410962320107 | C60: =VLOOKUP($B:$B,표본점목록!$A:$E,5,0) -> 경기도 | D60: =VLOOKUP($B:$B,표본점목록!$A:$J,6,0) -> 연천군 | E60: =VLOOKUP(B:B,표본점목록!$A:$B,2,0) -> 경관숲 | F60: 20260720 | G60: 조사가능 | I60: 한성안 | J60: 한승훈 | L60: O | M60: O | N60: 5 | O60: 3
A61: 3 | B61: 410962520045 | C61: =VLOOKUP($B:$B,표본점목록!$A:$E,5,0) -> 경기도 | D61: =VLOOKUP($B:$B,표본점목록!$A:$J,6,0) -> 연천군 | E61: =VLOOKUP(B:B,표본점목록!$A:$B,2,0) -> 경관숲 | F61: 20260720 | G61: 조사가능 | I61: 한성안 | J61: 한승훈 | L61: O | M61: O | N61: 5 | O61: 3
A62: 3 | B62: 410962920048 | C62: =VLOOKUP($B:$B,표본점목록!$A:$E,5,0) -> 경기도 | D62: =VLOOKUP($B:$B,표본점목록!$A:$J,6,0) -> 연천군 | E62: =VLOOKUP(B:B,표본점목록!$A:$B,2,0) -> 경관숲 | F62: 20260720 | G62: 조사불가 | H62: 경작지 | I62: 한성안 | J62: 한승훈 | L62: - | M62: - | N62: - | O62: -
A63: 3 | B63: 311144517246 | C63: =VLOOKUP($B:$B,표본점목록!$A:$E,5,0) -> 울산광역시 | D63: =VLOOKUP($B:$B,표본점목록!$A:$J,6,0) -> 울주군 | E63: =VLOOKUP(B:B,표본점목록!$A:$B,2,0) -> 학교숲 | F63: 20260721 | G63: 조사가능 | I63: 한성안 | J63: 한승훈 | L63: O | M63: O | N63: 5 | O63: 3
A64: 3 | B64: 311146317310 | C64: =VLOOKUP($B:$B,표본점목록!$A:$E,5,0) -> 울산광역시 | D64: =VLOOKUP($B:$B,표본점목록!$A:$J,6,0) -> 울주군 | E64: =VLOOKUP(B:B,표본점목록!$A:$B,2,0) -> 마을숲 | F64: 20260721 | G64: 조사가능 | I64: 한성안 | J64: 한승훈 | L64: O | M64: O | N64: 5 | O64: 3
A65: 3 | B65: 311148417350 | C65: =VLOOKUP($B:$B,표본점목록!$A:$E,5,0) -> 울산광역시 | D65: =VLOOKUP($B:$B,표본점목록!$A:$J,6,0) -> 울주군 | E65: =VLOOKUP(B:B,표본점목록!$A:$B,2,0) -> 경관숲 | F65: 20260721 | G65: 조사가능 | I65: 한성안 | J65: 한승훈 | L65: O | M65: O | N65: 5 | O65: 3
A66: 3 | B66: 311150117392 | C66: =VLOOKUP($B:$B,표본점목록!$A:$E,5,0) -> 울산광역시 | D66: =VLOOKUP($B:$B,표본점목록!$A:$J,6,0) -> 울주군 | E66: =VLOOKUP(B:B,표본점목록!$A:$B,2,0) -> 가로수 | F66: 20260721 | G66: 조사가능 | I66: 한성안 | J66: 한승훈 | L66: O | M66: O | N66: 5 | O66: -
A67: 3 | B67: 311155117325 | C67: =VLOOKUP($B:$B,표본점목록!$A:$E,5,0) -> 울산광역시 | D67: =VLOOKUP($B:$B,표본점목록!$A:$J,6,0) -> 울주군 | E67: =VLOOKUP(B:B,표본점목록!$A:$B,2,0) -> 경관숲 | F67: 20260721 | G67: 조사가능 | I67: 한성안 | J67: 한승훈 | L67: O | M67: O | N67: 5 | O67: 3
A68: 3 | B68: 311156417309 | C68: =VLOOKUP($B:$B,표본점목록!$A:$E,5,0) -> 울산광역시 | D68: =VLOOKUP($B:$B,표본점목록!$A:$J,6,0) -> 울주군 | E68: =VLOOKUP(B:B,표본점목록!$A:$B,2,0) -> 마을숲 | F68: 20260721 | G68: 조사가능 | I68: 한성안 | J68: 한승훈 | L68: O | M68: O | N68: 5 | O68: 3
A69: 3 | B69: 311158717313 | C69: =VLOOKUP($B:$B,표본점목록!$A:$E,5,0) -> 울산광역시 | D69: =VLOOKUP($B:$B,표본점목록!$A:$J,6,0) -> 울주군 | E69: =VLOOKUP(B:B,표본점목록!$A:$B,2,0) -> 마을숲 | F69: 20260721 | G69: 조사가능 | I69: 한성안 | J69: 한승훈 | L69: O | M69: O | N69: 5 | O69: 3
A70: 3 | B70: 311157417318 | C70: =VLOOKUP($B:$B,표본점목록!$A:$E,5,0) -> 울산광역시 | D70: =VLOOKUP($B:$B,표본점목록!$A:$J,6,0) -> 울주군 | E70: =VLOOKUP(B:B,표본점목록!$A:$B,2,0) -> 마을숲 | F70: 20260721 | G70: 조사불가 | H70: 옥상 | I70: 한성안 | J70: 한승훈 | L70: - | M70: - | N70: - | O70: -
A71: 3 | B71: 311162317307 | C71: =VLOOKUP($B:$B,표본점목록!$A:$E,5,0) -> 울산광역시 | D71: =VLOOKUP($B:$B,표본점목록!$A:$J,6,0) -> 중구 | E71: =VLOOKUP(B:B,표본점목록!$A:$B,2,0) -> 마을숲 | F71: 20260722 | G71: 조사가능 | I71: 한성안 | J71: 한승훈 | L71: O | M71: O | N71: 5 | O71: 3
A72: 3 | B72: 311163017300 | C72: =VLOOKUP($B:$B,표본점목록!$A:$E,5,0) -> 울산광역시 | D72: =VLOOKUP($B:$B,표본점목록!$A:$J,6,0) -> 중구 | E72: =VLOOKUP(B:B,표본점목록!$A:$B,2,0) -> 마을숲 | F72: 20260722 | G72: 조사가능 | I72: 한성안 | J72: 한승훈 | L72: O | M72: O | N72: 5 | O72: 3
A73: 3 | B73: 311163217308 | C73: =VLOOKUP($B:$B,표본점목록!$A:$E,5,0) -> 울산광역시 | D73: =VLOOKUP($B:$B,표본점목록!$A:$J,6,0) -> 중구 | E73: =VLOOKUP(B:B,표본점목록!$A:$B,2,0) -> 마을숲 | F73: 20260722 | G73: 조사가능 | I73: 한성안 | J73: 한승훈 | L73: O | M73: O | N73: 5 | O73: 3
A74: 3 | B74: 311163617311 | C74: =VLOOKUP($B:$B,표본점목록!$A:$E,5,0) -> 울산광역시 | D74: =VLOOKUP($B:$B,표본점목록!$A:$J,6,0) -> 중구 | E74: =VLOOKUP(B:B,표본점목록!$A:$B,2,0) -> 경관숲 | F74: 20260722 | G74: 조사가능 | I74: 한성안 | J74: 한승훈 | L74: O | M74: O | N74: 5 | O74: 3
A75: 3 | B75: 311163717226 | C75: =VLOOKUP($B:$B,표본점목록!$A:$E,5,0) -> 울산광역시 | D75: =VLOOKUP($B:$B,표본점목록!$A:$J,6,0) -> 울주군 | E75: =VLOOKUP(B:B,표본점목록!$A:$B,2,0) -> 마을숲 | F75: 20260722 | G75: 조사가능 | I75: 한성안 | J75: 한승훈 | L75: O | M75: O | N75: 5 | O75: 3
A76: 3 | B76: 311164517313 | C76: =VLOOKUP($B:$B,표본점목록!$A:$E,5,0) -> 울산광역시 | D76: =VLOOKUP($B:$B,표본점목록!$A:$J,6,0) -> 중구 | E76: =VLOOKUP(B:B,표본점목록!$A:$B,2,0) -> 마을숲 | F76: 20260722 | G76: 조사가능 | I76: 한성안 | J76: 한승훈 | L76: O | M76: O | N76: 5 | O76: 3
A77: 3 | B77: 311165717083 | C77: =VLOOKUP($B:$B,표본점목록!$A:$E,5,0) -> 울산광역시 | D77: =VLOOKUP($B:$B,표본점목록!$A:$J,6,0) -> 울주군 | E77: =VLOOKUP(B:B,표본점목록!$A:$B,2,0) -> 도시숲 | F77: 20260722 | G77: 조사가능 | I77: 한성안 | J77: 한승훈 | L77: O | M77: O | N77: 5 | O77: 3
A78: 3 | B78: 311166517215 | C78: =VLOOKUP($B:$B,표본점목록!$A:$E,5,0) -> 울산광역시 | D78: =VLOOKUP($B:$B,표본점목록!$A:$J,6,0) -> 울주군 | E78: =VLOOKUP(B:B,표본점목록!$A:$B,2,0) -> 가로수 | F78: 20260722 | G78: 조사가능 | I78: 한성안 | J78: 한승훈 | L78: O | M78: O | N78: 5 | O78: -
A79: 3 | B79: 311166617179 | C79: =VLOOKUP($B:$B,표본점목록!$A:$E,5,0) -> 울산광역시 | D79: =VLOOKUP($B:$B,표본점목록!$A:$J,6,0) -> 울주군 | E79: =VLOOKUP(B:B,표본점목록!$A:$B,2,0) -> 도시숲 | F79: 20260722 | G79: 조사가능 | I79: 한성안 | J79: 한승훈 | L79: O | M79: O | N79: 5 | O79: 3
A80: 3 | B80: 311167717117 | C80: =VLOOKUP($B:$B,표본점목록!$A:$E,5,0) -> 울산광역시 | D80: =VLOOKUP($B:$B,표본점목록!$A:$J,6,0) -> 울주군 | E80: =VLOOKUP(B:B,표본점목록!$A:$B,2,0) -> 도시숲 | F80: 20260722 | G80: 조사가능 | I80: 한성안 | J80: 한승훈 | L80: O | M80: O | N80: 5 | O80: 3
A81: 3 | B81: 311162317341 | C81: =VLOOKUP($B:$B,표본점목록!$A:$E,5,0) -> 울산광역시 | D81: =VLOOKUP($B:$B,표본점목록!$A:$J,6,0) -> 중구 | E81: =VLOOKUP(B:B,표본점목록!$A:$B,2,0) -> 경관숲 | F81: 20260723 | G81: 조사가능 | I81: 한성안 | J81: 한승훈 | L81: O | M81: O | N81: 5 | O81: 3
A82: 3 | B82: 311163917335 | C82: =VLOOKUP($B:$B,표본점목록!$A:$E,5,0) -> 울산광역시 | D82: =VLOOKUP($B:$B,표본점목록!$A:$J,6,0) -> 중구 | E82: =VLOOKUP(B:B,표본점목록!$A:$B,2,0) -> 경관숲 | F82: 20260723 | G82: 조사가능 | I82: 한성안 | J82: 한승훈 | L82: O | M82: O | N82: 5 | O82: 1
A83: 3 | B83: 311164217328 | C83: =VLOOKUP($B:$B,표본점목록!$A:$E,5,0) -> 울산광역시 | D83: =VLOOKUP($B:$B,표본점목록!$A:$J,6,0) -> 중구 | E83: =VLOOKUP(B:B,표본점목록!$A:$B,2,0) -> 마을숲 | F83: 20260723 | G83: 조사가능 | I83: 한성안 | J83: 한승훈 | L83: O | M83: O | N83: 5 | O83: 3
A84: 3 | B84: 311164717300 | C84: =VLOOKUP($B:$B,표본점목록!$A:$E,5,0) -> 울산광역시 | D84: =VLOOKUP($B:$B,표본점목록!$A:$J,6,0) -> 중구 | E84: =VLOOKUP(B:B,표본점목록!$A:$B,2,0) -> 경관숲 | F84: 20260723 | G84: 조사가능 | I84: 한성안 | J84: 한승훈 | L84: O | M84: O | N84: 5 | O84: 3
A85: 3 | B85: 311165917305 | C85: =VLOOKUP($B:$B,표본점목록!$A:$E,5,0) -> 울산광역시 | D85: =VLOOKUP($B:$B,표본점목록!$A:$J,6,0) -> 중구 | E85: =VLOOKUP(B:B,표본점목록!$A:$B,2,0) -> 도시숲 | F85: 20260723 | G85: 조사가능 | I85: 한성안 | J85: 한승훈 | L85: O | M85: O | N85: 5 | O85: 3
A86: 3 | B86: 311166617316 | C86: =VLOOKUP($B:$B,표본점목록!$A:$E,5,0) -> 울산광역시 | D86: =VLOOKUP($B:$B,표본점목록!$A:$J,6,0) -> 중구 | E86: =VLOOKUP(B:B,표본점목록!$A:$B,2,0) -> 가로수 | F86: 20260723 | G86: 조사가능 | I86: 한성안 | J86: 한승훈 | L86: O | M86: O | N86: 5 | O86: -
A87: 3 | B87: 311166817333 | C87: =VLOOKUP($B:$B,표본점목록!$A:$E,5,0) -> 울산광역시 | D87: =VLOOKUP($B:$B,표본점목록!$A:$J,6,0) -> 중구 | E87: =VLOOKUP(B:B,표본점목록!$A:$B,2,0) -> 마을숲 | F87: 20260723 | G87: 조사가능 | I87: 한성안 | J87: 한승훈 | L87: O | M87: O | N87: 5 | O87: 3
A88: 3 | B88: 311167417304 | C88: =VLOOKUP($B:$B,표본점목록!$A:$E,5,0) -> 울산광역시 | D88: =VLOOKUP($B:$B,표본점목록!$A:$J,6,0) -> 중구 | E88: =VLOOKUP(B:B,표본점목록!$A:$B,2,0) -> 마을숲 | F88: 20260723 | G88: 조사가능 | I88: 한성안 | J88: 한승훈 | L88: O | M88: O | N88: 5 | O88: 3
A89: 3 | B89: 311167517316 | C89: =VLOOKUP($B:$B,표본점목록!$A:$E,5,0) -> 울산광역시 | D89: =VLOOKUP($B:$B,표본점목록!$A:$J,6,0) -> 중구 | E89: =VLOOKUP(B:B,표본점목록!$A:$B,2,0) -> 학교숲 | F89: 20260723 | G89: 조사가능 | I89: 한성안 | J89: 한승훈 | L89: O | M89: O | N89: 5 | O89: 3
A90: 3 | B90: 311167617310 | C90: =VLOOKUP($B:$B,표본점목록!$A:$E,5,0) -> 울산광역시 | D90: =VLOOKUP($B:$B,표본점목록!$A:$J,6,0) -> 중구 | E90: =VLOOKUP(B:B,표본점목록!$A:$B,2,0) -> 가로수 | F90: 20260723 | G90: 조사가능 | I90: 한성안 | J90: 한승훈 | L90: O | M90: O | N90: 5 | O90: -
A91: 3 | B91: 311164817325 | C91: =VLOOKUP($B:$B,표본점목록!$A:$E,5,0) -> 울산광역시 | D91: =VLOOKUP($B:$B,표본점목록!$A:$J,6,0) -> 중구 | E91: =VLOOKUP(B:B,표본점목록!$A:$B,2,0) -> 마을숲 | F91: 20260723 | G91: 조사불가 | H91: 옥상 | I91: 한성안 | J91: 한승훈 | L91: - | M91: - | N91: - | O91: -
A92: 4 | B92: 410960019891 | C92: =VLOOKUP($B:$B,표본점목록!$A:$E,5,0) -> 경기도 | D92: =VLOOKUP($B:$B,표본점목록!$A:$J,6,0) -> 동두천시 | E92: =VLOOKUP(B:B,표본점목록!$A:$B,2,0) -> 가로수 | F92: 20260727 | G92: 조사가능 | I92: 한성안 | J92: 한승훈 | L92: O | M92: O | N92: 5 | O92: -
A93: 4 | B93: 410960619872 | C93: =VLOOKUP($B:$B,표본점목록!$A:$E,5,0) -> 경기도 | D93: =VLOOKUP($B:$B,표본점목록!$A:$J,6,0) -> 동두천시 | E93: =VLOOKUP(B:B,표본점목록!$A:$B,2,0) -> 마을숲 | F93: 20260727 | G93: 조사가능 | I93: 한성안 | J93: 한승훈 | L93: O | M93: O | N93: 5 | O93: 3
A94: 4 | B94: 410960919884 | C94: =VLOOKUP($B:$B,표본점목록!$A:$E,5,0) -> 경기도 | D94: =VLOOKUP($B:$B,표본점목록!$A:$J,6,0) -> 동두천시 | E94: =VLOOKUP(B:B,표본점목록!$A:$B,2,0) -> 가로수 | F94: 20260727 | G94: 조사가능 | I94: 한성안 | J94: 한승훈 | L94: O | M94: O | N94: 5 | O94: -
A95: 4 | B95: 410961519861 | C95: =VLOOKUP($B:$B,표본점목록!$A:$E,5,0) -> 경기도 | D95: =VLOOKUP($B:$B,표본점목록!$A:$J,6,0) -> 동두천시 | E95: =VLOOKUP(B:B,표본점목록!$A:$B,2,0) -> 경관숲 | F95: 20260727 | G95: 조사가능 | I95: 한성안 | J95: 한승훈 | L95: O | M95: O | N95: 5 | O95: 3
A96: 4 | B96: 410961619943 | C96: =VLOOKUP($B:$B,표본점목록!$A:$E,5,0) -> 경기도 | D96: =VLOOKUP($B:$B,표본점목록!$A:$J,6,0) -> 동두천시 | E96: =VLOOKUP(B:B,표본점목록!$A:$B,2,0) -> 경관숲 | F96: 20260727 | G96: 조사가능 | I96: 한성안 | J96: 한승훈 | L96: O | M96: O | N96: 5 | O96: 3
A97: 4 | B97: 410961819898 | C97: =VLOOKUP($B:$B,표본점목록!$A:$E,5,0) -> 경기도 | D97: =VLOOKUP($B:$B,표본점목록!$A:$J,6,0) -> 동두천시 | E97: =VLOOKUP(B:B,표본점목록!$A:$B,2,0) -> 경관숲 | F97: 20260727 | G97: 조사가능 | I97: 한성안 | J97: 한승훈 | L97: O | M97: O | N97: 5 | O97: 3
A98: 4 | B98: 410963619884 | C98: =VLOOKUP($B:$B,표본점목록!$A:$E,5,0) -> 경기도 | D98: =VLOOKUP($B:$B,표본점목록!$A:$J,6,0) -> 동두천시 | E98: =VLOOKUP(B:B,표본점목록!$A:$B,2,0) -> 마을숲 | F98: 20260727 | G98: 조사가능 | I98: 한성안 | J98: 한승훈 | L98: O | M98: O | N98: 5 | O98: 3
A99: 4 | B99: 410960519900 | C99: =VLOOKUP($B:$B,표본점목록!$A:$E,5,0) -> 경기도 | D99: =VLOOKUP($B:$B,표본점목록!$A:$J,6,0) -> 동두천시 | E99: =VLOOKUP(B:B,표본점목록!$A:$B,2,0) -> 경관숲 | F99: 20260727 | G99: 조사불가 | H99: 무립목지 | I99: 한성안 | J99: 한승훈 | L99: - | M99: - | N99: - | O99: -
A100: 4 | B100: 410960019882 | C100: =VLOOKUP($B:$B,표본점목록!$A:$E,5,0) -> 경기도 | D100: =VLOOKUP($B:$B,표본점목록!$A:$J,6,0) -> 양주시 | E100: =VLOOKUP(B:B,표본점목록!$A:$B,2,0) -> 가로수 | F100: 20260727 | G100: 조사불가 | H100: 무립목지 | I100: 한성안 | J100: 한승훈 | L100: - | M100: - | N100: - | O100: -
...

Sheet 실적
A1: 조사가능불가 | B1: 조사가능 | I1: 조사가능불가 | J1: 조사불가 | Q1: 조사가능불가 | R1: #N/A
A3: 개수 : 표본점번호 | B3: 열 레이블 | I3: 개수 : 표본점번호 | J3: 열 레이블 | Q3: 개수 : 표본점번호 | R3: 열 레이블
A4: 행 레이블 | B4: 도시숲 | C4: 경관숲 | D4: 마을숲 | E4: 학교숲 | F4: 가로수 | G4: 총합계 | I4: 행 레이블 | J4: 도시숲 | K4: 경관숲 | L4: 마을숲 | M4: 학교숲 | N4: 가로수 | O4: 총합계 | Q4: 행 레이블 | R4: 도시숲 | S4: 경관숲 | T4: 마을숲 | U4: 학교숲 | V4: 가로수 | W4: 총합계
A5: 대구광역시 | B5: 16 | C5: 15 | D5: 24 | E5: 1 | F5: 6 | G5: 62 | I5: 대구광역시 | J5: 3 | K5: 2 | L5: 1 | O5: 6 | Q5: 대구광역시 | R5: 16 | S5: 28 | T5: 40 | U5: 7 | V5: 21 | W5: 112
A6: 울산광역시 | B6: 7 | C6: 16 | D6: 31 | E6: 4 | F6: 10 | G6: 68 | I6: 울산광역시 | J6: 2 | L6: 4 | O6: 6 | Q6: 울산광역시 | R6: 8 | S6: 8 | T6: 16 | U6: 1 | V6: 5 | W6: 38
A7: 경상남도 | B7: 8 | C7: 28 | D7: 12 | E7: 6 | F7: 8 | G7: 62 | I7: 경상남도 | J7: 1 | K7: 10 | L7: 3 | N7: 2 | O7: 16 | Q7: 경상북도 | R7: 83 | S7: 227 | T7: 120 | U7: 29 | V7: 63 | W7: 522
A8: 경기도 | B8: 4 | C8: 45 | D8: 22 | E8: 3 | F8: 11 | G8: 85 | I8: 경기도 | J8: 1 | K8: 13 | L8: 3 | N8: 4 | O8: 21 | Q8: 경상남도 | R8: 41 | S8: 132 | T8: 73 | U8: 16 | V8: 44 | W8: 306
A9: 광주광역시 | C9: 3 | D9: 14 | F9: 4 | G9: 21 | I9: 대전광역시 | K9: 1 | N9: 1 | O9: 2 | Q9: 강원특별자치도 | R9: 22 | S9: 235 | T9: 172 | U9: 48 | V9: 54 | W9: 531
A10: 대전광역시 | B10: 1 | C10: 3 | F10: 1 | G10: 5 | I10: 부산광역시 | K10: 2 | L10: 1 | M10: 1 | N10: 2 | O10: 6 | Q10: 경기도 | R10: 44 | S10: 209 | T10: 112 | U10: 12 | V10: 78 | W10: 455
A11: 부산광역시 | B11: 6 | C11: 25 | D11: 9 | E11: 4 | F11: 13 | G11: 57 | I11: 서울특별시 | L11: 3 | N11: 3 | O11: 6 | Q11: 광주광역시 | R11: 4 | S11: 42 | T11: 45 | U11: 4 | V11: 11 | W11: 106
A12: 서울특별시 | B12: 1 | C12: 15 | D12: 30 | E12: 2 | F12: 15 | G12: 63 | I12: 전라남도 | J12: 3 | K12: 18 | L12: 2 | N12: 3 | O12: 26 | Q12: 대전광역시 | R12: 11 | S12: 63 | T12: 49 | U12: 5 | V12: 13 | W12: 141
A13: 전라남도 | B13: 7 | C13: 52 | D13: 23 | E13: 4 | F13: 19 | G13: 105 | I13: 충청남도 | J13: 1 | K13: 6 | N13: 1 | O13: 8 | Q13: 부산광역시 | R13: 21 | S13: 46 | T13: 77 | U13: 8 | V13: 33 | W13: 185
A14: 충청남도 | B14: 2 | C14: 21 | D14: 6 | F14: 6 | G14: 35 | I14: 총합계 | J14: 11 | K14: 52 | L14: 17 | M14: 1 | N14: 16 | O14: 97 | Q14: 서울특별시 | R14: 10 | S14: 76 | T14: 125 | U14: 7 | V14: 57 | W14: 275
A15: 총합계 | B15: 52 | C15: 223 | D15: 171 | E15: 24 | F15: 93 | G15: 563 | Q15: 세종특별자치시 | R15: 2 | S15: 15 | T15: 5 | U15: 2 | V15: 3 | W15: 27
Q16: 인천광역시 | R16: 18 | S16: 86 | T16: 32 | U16: 3 | V16: 30 | W16: 169
Q17: 전라남도 | R17: 15 | S17: 149 | T17: 53 | U17: 4 | V17: 44 | W17: 265
Q18: 전북특별자치도 | R18: 17 | S18: 146 | T18: 49 | U18: 13 | V18: 42 | W18: 267
Q19: 제주특별자치도 | R19: 1 | S19: 105 | T19: 21 | U19: 6 | V19: 6 | W19: 139
Q20: 충청남도 | R20: 27 | S20: 171 | T20: 41 | U20: 10 | V20: 38 | W20: 287
Q21: 충청북도 | R21: 2 | S21: 22 | T21: 7 | V21: 8 | W21: 39
Q22: 총합계 | R22: 342 | S22: 1760 | T22: 1037 | U22: 175 | V22: 550 | W22: 3864
A25: 조사가능불가 | B25: 조사가능 | P25: 라이다촬영 | Q25: (다중 항목)
A27: 개수 : 표본점번호 | B27: 열 레이블 | P27: 개수 : 표본점번호 | Q27: 열 레이블
A28: 행 레이블 | B28: 도시숲 | C28: 경관숲 | D28: 마을숲 | E28: 학교숲 | F28: 가로수 | G28: 총합계 | P28: 행 레이블 | Q28: 총합계
A29: 대구광역시 | B29: 16 | C29: 15 | D29: 24 | E29: 1 | F29: 6 | G29: 62 | P29: 총합계
A30: 울산광역시 | B30: 7 | C30: 16 | D30: 31 | E30: 4 | F30: 10 | G30: 68
A31: 경상남도 | B31: 8 | C31: 28 | D31: 12 | E31: 6 | F31: 8 | G31: 62
A32: 경기도 | B32: 4 | C32: 45 | D32: 22 | E32: 3 | F32: 11 | G32: 85
A33: 광주광역시 | C33: 3 | D33: 14 | F33: 4 | G33: 21
A34: 대전광역시 | B34: 1 | C34: 3 | F34: 1 | G34: 5
A35: 부산광역시 | B35: 6 | C35: 25 | D35: 9 | E35: 4 | F35: 13 | G35: 57
A36: 서울특별시 | B36: 1 | C36: 15 | D36: 30 | E36: 2 | F36: 15 | G36: 63
A37: 전라남도 | B37: 7 | C37: 52 | D37: 23 | E37: 4 | F37: 19 | G37: 105
A38: 충청남도 | B38: 2 | C38: 21 | D38: 6 | F38: 6 | G38: 35
A39: 총합계 | B39: 52 | C39: 223 | D39: 171 | E39: 24 | F39: 93 | G39: 563

Sheet 조사불가
A1: 조사가능불가 | B1: 조사불가
B3: 열 레이블
B4: 도시숲 | C4: 경관숲 | D4: 마을숲 | E4: 학교숲 | F4: 가로수 | G4: 총합계
A5: 개수 : 표본점번호 | B5: 13 | C5: 61 | D5: 17 | E5: 1 | F5: 17 | G5: 109
A18: 조사가능불가 | B18: 조사불가
B20: 열 레이블
B21: 개발지역 | C21: 분류오류 | D21: 협조불가 | E21: 출입금지 | F21: 옥상 | G21: 무립목지 | H21: 조경수농장 | I21: 수계 | J21: 경작지 | K21: 총합계
A22: 개수 : 표본점번호 | B22: 6 | C22: 15 | D22: 30 | E22: 37 | F22: 2 | G22: 13 | H22: 2 | I22: 1 | J22: 3 | K22: 109

Sheet 지역확인
A4: 개수 : 표본점번호 | B4: 열 레이블
B5: 조사가능 | N5: 조사가능 요약 | O5: 조사불가 | W5: 조사불가 요약 | X5: 총합계
B6: 필수 | G6: 필수 요약 | H6: 예비 | M6: 예비 요약 | O6: 필수 | T6: 필수 요약 | U6: 예비 | V6: 예비 요약
A7: 행 레이블 | B7: 도시숲 | C7: 경관숲 | D7: 마을숲 | E7: 학교숲 | F7: 가로수 | H7: 도시숲 | I7: 경관숲 | J7: 마을숲 | K7: 학교숲 | L7: 가로수 | O7: 도시숲 | P7: 경관숲 | Q7: 마을숲 | R7: 학교숲 | S7: 가로수 | U7: 가로수 | Y7: 필수제외수=예비조사수 | Z7: 필수제외수=예비조사수(가로수)
A8: 경상남도 | B8: 8 | C8: 19 | D8: 9 | E8: 4 | F8: 6 | G8: 46 | I8: 9 | J8: 3 | K8: 2 | L8: 2 | M8: 16 | N8: 62 | O8: 1 | P8: 10 | Q8: 3 | S8: 2 | T8: 16 | W8: 16 | X8: 78 | Y8: =SUM(H8:K8)=(IF(SUM(O8:R8)<>"",SUM(O8:R8),"")) -> TRUE | Z8: =L8=S8 -> TRUE
A9: 거창군 | B9: 2 | C9: 10 | D9: 7 | E9: 3 | F9: 2 | G9: 24 | I9: 5 | J9: 2 | K9: 1 | M9: 8 | N9: 32 | P9: 6 | Q9: 2 | T9: 8 | W9: 8 | X9: 40 | Y9: =SUM(H9:K9)=(IF(SUM(O9:R9)<>"",SUM(O9:R9),"")) -> TRUE | Z9: =L9=S9 -> TRUE
A10: 산청군 | B10: 1 | C10: 4 | F10: 1 | G10: 6 | K10: 1 | L10: 1 | M10: 2 | N10: 8 | O10: 1 | S10: 1 | T10: 2 | W10: 2 | X10: 10 | Y10: =SUM(H10:K10)=(IF(SUM(O10:R10)<>"",SUM(O10:R10),"")) -> TRUE | Z10: =L10=S10 -> TRUE
A11: 진주시 | B11: 1 | C11: 2 | D11: 1 | G11: 4 | N11: 4 | X11: 4 | Y11: =SUM(H11:K11)=(IF(SUM(O11:R11)<>"",SUM(O11:R11),"")) -> TRUE | Z11: =L11=S11 -> TRUE
A12: 하동군 | B12: 2 | C12: 2 | F12: 1 | G12: 5 | I12: 2 | J12: 1 | L12: 1 | M12: 4 | N12: 9 | P12: 3 | S12: 1 | T12: 4 | W12: 4 | X12: 13 | Y12: =SUM(H12:K12)=(IF(SUM(O12:R12)<>"",SUM(O12:R12),"")) -> TRUE | Z12: =L12=S12 -> TRUE
A13: 함양군 | B13: 2 | C13: 1 | D13: 1 | E13: 1 | F13: 2 | G13: 7 | I13: 2 | M13: 2 | N13: 9 | P13: 1 | Q13: 1 | T13: 2 | W13: 2 | X13: 11 | Y13: =SUM(H13:K13)=(IF(SUM(O13:R13)<>"",SUM(O13:R13),"")) -> TRUE | Z13: =L13=S13 -> TRUE
A14: 대구광역시 | B14: 15 | C14: 13 | D14: 18 | E14: 1 | F14: 4 | G14: 51 | H14: 1 | I14: 2 | J14: 6 | L14: 2 | M14: 11 | N14: 62 | O14: 3 | P14: 2 | Q14: 1 | T14: 6 | W14: 6 | X14: 68 | Y14: =IF(SUM(O14:R14)<>"",SUM(H14:K14)=SUM(O14:R14)) -> FALSE | Z14: =L14=S14 -> FALSE
A15: 달서구 | B15: 3 | D15: 5 | F15: 2 | G15: 10 | H15: 1 | I15: 1 | J15: 2 | L15: 1 | M15: 5 | N15: 15 | X15: 15 | Y15: =IF(SUM(O15:R15)<>"",SUM(H15:K15)=SUM(O15:R15)) -> FALSE | Z15: =L15=S15 -> FALSE
A16: 달성군 | B16: 3 | C16: 9 | G16: 12 | I16: 1 | J16: 3 | M16: 4 | N16: 16 | O16: 2 | P16: 2 | T16: 4 | W16: 4 | X16: 20 | Y16: =SUM(H16:K16)=(IF(SUM(O16:R16)<>"",SUM(O16:R16),"")) -> TRUE | Z16: =L16=S16 -> TRUE
A17: 수성구 | C17: 2 | D17: 4 | G17: 6 | N17: 6 | X17: 6 | Y17: =SUM(H17:K17)=(IF(SUM(O17:R17)<>"",SUM(O17:R17),"")) -> TRUE | Z17: =L17=S17 -> TRUE
A18: 대구남구 | Q18: 1 | T18: 1 | W18: 1 | X18: 1 | Y18: =IF(SUM(O18:R18)<>"",SUM(H18:K18)=SUM(O18:R18)) -> FALSE | Z18: =L18=S18 -> TRUE
A19: 대구동구 | B19: 1 | D19: 1 | G19: 2 | J19: 1 | M19: 1 | N19: 3 | O19: 1 | T19: 1 | W19: 1 | X19: 4 | Y19: =SUM(H19:K19)=(IF(SUM(O19:R19)<>"",SUM(O19:R19),"")) -> TRUE | Z19: =L19=S19 -> TRUE
A20: 대구북구 | B20: 3 | C20: 1 | D20: 6 | F20: 2 | G20: 12 | L20: 1 | M20: 1 | N20: 13 | X20: 13 | Y20: =SUM(H20:K20)=(IF(SUM(O20:R20)<>"",SUM(O20:R20),"")) -> TRUE | Z20: =L20=S20 -> FALSE
A21: 대구서구 | B21: 4 | D21: 1 | E21: 1 | G21: 6 | N21: 6 | X21: 6 | Y21: =SUM(H21:K21)=(IF(SUM(O21:R21)<>"",SUM(O21:R21),"")) -> TRUE | Z21: =L21=S21 -> TRUE
A22: 대구중구 | B22: 1 | C22: 1 | D22: 1 | G22: 3 | N22: 3 | X22: 3 | Y22: =SUM(H22:K22)=(IF(SUM(O22:R22)<>"",SUM(O22:R22),"")) -> TRUE | Z22: =L22=S22 -> TRUE
A23: 울산광역시 | B23: 7 | C23: 11 | D23: 27 | E23: 4 | F23: 10 | G23: 59 | I23: 5 | J23: 4 | M23: 9 | N23: 68 | O23: 2 | Q23: 4 | T23: 6 | W23: 6 | X23: 74 | Y23: =IF(SUM(O23:R23)<>"",SUM(H23:K23)=SUM(O23:R23)) -> FALSE | Z23: =L23=S23 -> TRUE
A24: 남구 | B24: 3 | C24: 2 | D24: 3 | E24: 1 | F24: 2 | G24: 11 | I24: 2 | J24: 1 | M24: 3 | N24: 14 | X24: 14 | Y24: =IF(SUM(O24:R24)<>"",SUM(H24:K24)=SUM(O24:R24)) -> FALSE | Z24: =L24=S24 -> TRUE
A25: 동구 | D25: 9 | E25: 1 | F25: 2 | G25: 12 | J25: 2 | M25: 2 | N25: 14 | Q25: 2 | T25: 2 | W25: 2 | X25: 16 | Y25: =SUM(H25:K25)=(IF(SUM(O25:R25)<>"",SUM(O25:R25),"")) -> TRUE | Z25: =L25=S25 -> TRUE
A26: 북구 | C26: 4 | D26: 5 | F26: 2 | G26: 11 | I26: 2 | M26: 2 | N26: 13 | O26: 2 | T26: 2 | W26: 2 | X26: 15 | Y26: =SUM(H26:K26)=(IF(SUM(O26:R26)<>"",SUM(O26:R26),"")) -> TRUE | Z26: =L26=S26 -> TRUE
A27: 울주군 | B27: 3 | C27: 1 | D27: 4 | E27: 1 | F27: 2 | G27: 11 | I27: 1 | M27: 1 | N27: 12 | Q27: 1 | T27: 1 | W27: 1 | X27: 13 | Y27: =SUM(H27:K27)=(IF(SUM(O27:R27)<>"",SUM(O27:R27),"")) -> TRUE | Z27: =L27=S27 -> TRUE
A28: 중구 | B28: 1 | C28: 4 | D28: 6 | E28: 1 | F28: 2 | G28: 14 | J28: 1 | M28: 1 | N28: 15 | Q28: 1 | T28: 1 | W28: 1 | X28: 16 | Y28: =SUM(H28:K28)=(IF(SUM(O28:R28)<>"",SUM(O28:R28),"")) -> TRUE | Z28: =L28=S28 -> TRUE
A29: 경기도 | B29: 4 | C29: 36 | D29: 16 | E29: 3 | F29: 8 | G29: 67 | I29: 9 | J29: 6 | L29: 3 | M29: 18 | N29: 85 | O29: 1 | P29: 13 | Q29: 3 | S29: 4 | T29: 21 | W29: 21 | X29: 106 | Y29: =IF(SUM(O29:R29)<>"",SUM(H29:K29)=SUM(O29:R29)) -> FALSE | Z29: =L29=S29 -> FALSE
A30: 동두천시 | C30: 2 | D30: 2 | F30: 1 | G30: 5 | I30: 1 | L30: 1 | M30: 2 | N30: 7 | P30: 2 | S30: 1 | T30: 3 | W30: 3 | X30: 10 | Y30: =IF(SUM(O30:R30)<>"",SUM(H30:K30)=SUM(O30:R30)) -> FALSE | Z30: =L30=S30 -> TRUE
A31: 양주시 | C31: 6 | D31: 3 | F31: 1 | G31: 10 | J31: 1 | L31: 1 | M31: 2 | N31: 12 | P31: 2 | S31: 1 | T31: 3 | W31: 3 | X31: 15 | Y31: =IF(SUM(O31:R31)<>"",SUM(H31:K31)=SUM(O31:R31)) -> FALSE | Z31: =L31=S31 -> TRUE
A32: 여주시 | C32: 4 | F32: 2 | G32: 6 | I32: 1 | M32: 1 | N32: 7 | P32: 1 | T32: 1 | W32: 1 | X32: 8 | Y32: =SUM(H32:K32)=(IF(SUM(O32:R32)<>"",SUM(O32:R32),"")) -> TRUE | Z32: =L32=S32 -> TRUE
A33: 연천군 | B33: 2 | C33: 3 | F33: 2 | G33: 7 | I33: 1 | M33: 1 | N33: 8 | P33: 1 | T33: 1 | W33: 1 | X33: 9 | Y33: =SUM(H33:K33)=(IF(SUM(O33:R33)<>"",SUM(O33:R33),"")) -> TRUE | Z33: =L33=S33 -> TRUE
A34: 의정부시 | C34: 7 | G34: 7 | J34: 1 | L34: 1 | M34: 2 | N34: 9 | P34: 1 | S34: 2 | T34: 3 | W34: 3 | X34: 12 | Y34: =SUM(H34:K34)=(IF(SUM(O34:R34)<>"",SUM(O34:R34),"")) -> TRUE | Z34: =L34=S34 -> FALSE
A35: 포천시 | B35: 2 | C35: 14 | D35: 11 | E35: 3 | F35: 2 | G35: 32 | I35: 6 | J35: 4 | M35: 10 | N35: 42 | O35: 1 | P35: 6 | Q35: 3 | T35: 10 | W35: 10 | X35: 52 | Y35: =SUM(H35:K35)=(IF(SUM(O35:R35)<>"",SUM(O35:R35),"")) -> TRUE | Z35: =L35=S35 -> TRUE
A36: 광주광역시 | C36: 3 | D36: 13 | F36: 3 | G36: 19 | J36: 1 | L36: 1 | M36: 2 | N36: 21 | X36: 21 | Y36: =IF(SUM(O36:R36)<>"",SUM(H36:K36)=SUM(O36:R36)) -> FALSE | Z36: =L36=S36 -> FALSE
A37: 광산구 | C37: 2 | D37: 2 | F37: 2 | G37: 6 | N37: 6 | X37: 6 | Y37: =SUM(H37:K37)=(IF(SUM(O37:R37)<>"",SUM(O37:R37),"")) -> TRUE | Z37: =L37=S37 -> TRUE
A38: 광주동구 | L38: 1 | M38: 1 | N38: 1 | X38: 1 | Y38: =SUM(H38:K38)=(IF(SUM(O38:R38)<>"",SUM(O38:R38),"")) -> TRUE | Z38: =L38=S38 -> FALSE
A39: 광주북구 | D39: 10 | F39: 1 | G39: 11 | J39: 1 | M39: 1 | N39: 12 | X39: 12 | Y39: =IF(SUM(O39:R39)<>"",SUM(H39:K39)=SUM(O39:R39)) -> FALSE | Z39: =L39=S39 -> TRUE
A40: 광주서구 | C40: 1 | D40: 1 | G40: 2 | N40: 2 | X40: 2 | Y40: =SUM(H40:K40)=(IF(SUM(O40:R40)<>"",SUM(O40:R40),"")) -> TRUE | Z40: =L40=S40 -> TRUE
A41: 대전광역시 | B41: 1 | C41: 3 | G41: 4 | L41: 1 | M41: 1 | N41: 5 | P41: 1 | S41: 1 | T41: 2 | W41: 2 | X41: 7 | Y41: =IF(SUM(O41:R41)<>"",SUM(H41:K41)=SUM(O41:R41)) -> FALSE | Z41: =L41=S41 -> TRUE
A42: 대덕구 | B42: 1 | C42: 3 | G42: 4 | L42: 1 | M42: 1 | N42: 5 | P42: 1 | S42: 1 | T42: 2 | W42: 2 | X42: 7 | Y42: =IF(SUM(O42:R42)<>"",SUM(H42:K42)=SUM(O42:R42)) -> FALSE | Z42: =L42=S42 -> TRUE
A43: 부산광역시 | B43: 4 | C43: 20 | D43: 7 | E43: 3 | F43: 11 | G43: 45 | H43: 2 | I43: 5 | J43: 2 | K43: 1 | L43: 3 | M43: 13 | N43: 58 | P43: 2 | Q43: 1 | R43: 1 | S43: 1 | T43: 5 | U43: 1 | V43: 1 | W43: 6 | X43: 64 | Y43: =IF(SUM(O43:R43)<>"",SUM(H43:K43)=SUM(O43:R43)) -> FALSE | Z43: =L43=S43 -> FALSE
A44: 부산강서구 | B44: 2 | C44: 6 | F44: 2 | G44: 10 | I44: 2 | M44: 2 | N44: 12 | P44: 2 | T44: 2 | W44: 2 | X44: 14 | Y44: =SUM(H44:K44)=(IF(SUM(O44:R44)<>"",SUM(O44:R44),"")) -> TRUE | Z44: =L44=S44 -> TRUE
A45: 부산남구 | B45: 1 | C45: 2 | E45: 1 | G45: 4 | I45: 1 | M45: 1 | N45: 5 | X45: 5 | Y45: =IF(SUM(O45:R45)<>"",SUM(H45:K45)=SUM(O45:R45)) -> FALSE | Z45: =L45=S45 -> TRUE
A46: 부산북구 | C46: 3 | D46: 1 | F46: 2 | G46: 6 | J46: 1 | M46: 1 | N46: 7 | Q46: 1 | T46: 1 | W46: 1 | X46: 8 | Y46: =SUM(H46:K46)=(IF(SUM(O46:R46)<>"",SUM(O46:R46),"")) -> TRUE | Z46: =L46=S46 -> TRUE
A47: 부산서구 | D47: 4 | E47: 2 | F47: 2 | G47: 8 | H47: 1 | J47: 1 | K47: 1 | M47: 3 | N47: 11 | X47: 11 | Y47: =IF(SUM(O47:R47)<>"",SUM(H47:K47)=SUM(O47:R47)) -> FALSE | Z47: =L47=S47 -> TRUE
A48: 부산중구 | B48: 1 | C48: 1 | F48: 1 | G48: 3 | I48: 1 | L48: 1 | M48: 2 | N48: 5 | X48: 5 | Y48: =IF(SUM(O48:R48)<>"",SUM(H48:K48)=SUM(O48:R48)) -> FALSE | Z48: =L48=S48 -> FALSE
A49: 사상구 | C49: 4 | D49: 1 | F49: 2 | G49: 7 | H49: 1 | M49: 1 | N49: 8 | R49: 1 | T49: 1 | W49: 1 | X49: 9 | Y49: =SUM(H49:K49)=(IF(SUM(O49:R49)<>"",SUM(O49:R49),"")) -> TRUE | Z49: =L49=S49 -> TRUE
A50: 사하구 | C50: 4 | D50: 1 | F50: 1 | G50: 6 | L50: 1 | M50: 1 | N50: 7 | S50: 1 | T50: 1 | U50: 1 | V50: 1 | W50: 2 | X50: 9 | Y50: =SUM(H50:K50)=(IF(SUM(O50:R50)<>"",SUM(O50:R50),"")) -> TRUE | Z50: =L50=S50 -> TRUE
A51: 영도구 | F51: 1 | G51: 1 | I51: 1 | L51: 1 | M51: 2 | N51: 3 | X51: 3 | Y51: =IF(SUM(O51:R51)<>"",SUM(H51:K51)=SUM(O51:R51)) -> FALSE | Z51: =L51=S51 -> FALSE
A52: 서울특별시 | B52: 1 | C52: 14 | D52: 28 | E52: 2 | F52: 13 | G52: 58 | I52: 1 | J52: 2 | L52: 2 | M52: 5 | N52: 63 | Q52: 3 | S52: 3 | T52: 6 | W52: 6 | X52: 69 | Y52: =SUM(H52:K52)=(IF(SUM(O52:R52)<>"",SUM(O52:R52),"")) -> TRUE | Z52: =L52=S52 -> FALSE
A53: 강남구 | C53: 2 | D53: 5 | F53: 2 | G53: 9 | N53: 9 | X53: 9 | Y53: =SUM(H53:K53)=(IF(SUM(O53:R53)<>"",SUM(O53:R53),"")) -> TRUE | Z53: =L53=S53 -> TRUE
A54: 강동구 | D54: 4 | F54: 2 | G54: 6 | N54: 6 | X54: 6 | Y54: =SUM(H54:K54)=(IF(SUM(O54:R54)<>"",SUM(O54:R54),"")) -> TRUE | Z54: =L54=S54 -> TRUE
A55: 광진구 | C55: 2 | D55: 3 | F55: 1 | G55: 6 | L55: 1 | M55: 1 | N55: 7 | S55: 1 | T55: 1 | W55: 1 | X55: 8 | Y55: =SUM(H55:K55)=(IF(SUM(O55:R55)<>"",SUM(O55:R55),"")) -> TRUE | Z55: =L55=S55 -> TRUE
A56: 노원구 | C56: 1 | D56: 3 | E56: 1 | F56: 2 | G56: 7 | I56: 1 | M56: 1 | N56: 8 | Q56: 1 | T56: 1 | W56: 1 | X56: 9 | Y56: =SUM(H56:K56)=(IF(SUM(O56:R56)<>"",SUM(O56:R56),"")) -> TRUE | Z56: =L56=S56 -> TRUE
A57: 서초구 | C57: 2 | D57: 5 | F57: 2 | G57: 9 | J57: 1 | M57: 1 | N57: 10 | Q57: 1 | T57: 1 | W57: 1 | X57: 11 | Y57: =SUM(H57:K57)=(IF(SUM(O57:R57)<>"",SUM(O57:R57),"")) -> TRUE | Z57: =L57=S57 -> TRUE
A58: 성동구 | C58: 3 | D58: 2 | G58: 5 | L58: 1 | M58: 1 | N58: 6 | S58: 2 | T58: 2 | W58: 2 | X58: 8 | Y58: =SUM(H58:K58)=(IF(SUM(O58:R58)<>"",SUM(O58:R58),"")) -> TRUE | Z58: =L58=S58 -> FALSE
A59: 송파구 | B59: 1 | C59: 1 | D59: 4 | F59: 2 | G59: 8 | J59: 1 | M59: 1 | N59: 9 | Q59: 1 | T59: 1 | W59: 1 | X59: 10 | Y59: =SUM(H59:K59)=(IF(SUM(O59:R59)<>"",SUM(O59:R59),"")) -> TRUE | Z59: =L59=S59 -> TRUE
A60: 중랑구 | C60: 3 | D60: 2 | E60: 1 | F60: 2 | G60: 8 | N60: 8 | X60: 8 | Y60: =SUM(H60:K60)=(IF(SUM(O60:R60)<>"",SUM(O60:R60),"")) -> TRUE | Z60: =L60=S60 -> TRUE
A61: 전라남도 | B61: 7 | C61: 34 | D61: 15 | E61: 4 | F61: 16 | G61: 76 | I61: 18 | J61: 8 | L61: 3 | M61: 29 | N61: 105 | O61: 3 | P61: 18 | Q61: 2 | S61: 3 | T61: 26 | W61: 26 | X61: 131 | Y61: =IF(SUM(O61:R61)<>"",SUM(H61:K61)=SUM(O61:R61)) -> FALSE | Z61: =L61=S61 -> TRUE
A62: 강진군 | B62: 1 | C62: 1 | D62: 1 | E62: 1 | F62: 1 | G62: 5 | I62: 2 | J62: 2 | M62: 4 | N62: 9 | X62: 9 | Y62: =IF(SUM(O62:R62)<>"",SUM(H62:K62)=SUM(O62:R62)) -> FALSE | Z62: =L62=S62 -> TRUE
A63: 고흥군 | B63: 1 | C63: 2 | D63: 3 | E63: 1 | F63: 1 | G63: 8 | I63: 2 | J63: 1 | L63: 1 | M63: 4 | N63: 12 | P63: 2 | Q63: 1 | S63: 1 | T63: 4 | W63: 4 | X63: 16 | Y63: =SUM(H63:K63)=(IF(SUM(O63:R63)<>"",SUM(O63:R63),"")) -> TRUE | Z63: =L63=S63 -> TRUE
A64: 광양시 | B64: 3 | C64: 2 | D64: 1 | F64: 2 | G64: 8 | I64: 1 | J64: 2 | M64: 3 | N64: 11 | O64: 2 | P64: 1 | T64: 3 | W64: 3 | X64: 14 | Y64: =SUM(H64:K64)=(IF(SUM(O64:R64)<>"",SUM(O64:R64),"")) -> TRUE | Z64: =L64=S64 -> TRUE
A65: 보성군 | B65: 1 | C65: 2 | F65: 2 | G65: 5 | I65: 3 | M65: 3 | N65: 8 | P65: 3 | T65: 3 | W65: 3 | X65: 11 | Y65: =SUM(H65:K65)=(IF(SUM(O65:R65)<>"",SUM(O65:R65),"")) -> TRUE | Z65: =L65=S65 -> TRUE
A66: 순천시 | C66: 5 | D66: 1 | F66: 1 | G66: 7 | I66: 2 | J66: 1 | M66: 3 | N66: 10 | P66: 5 | Q66: 1 | S66: 1 | T66: 7 | W66: 7 | X66: 17 | Y66: =IF(SUM(O66:R66)<>"",SUM(H66:K66)=SUM(O66:R66)) -> FALSE | Z66: =L66=S66 -> FALSE
A67: 여수시 | C67: 10 | D67: 3 | F67: 2 | G67: 15 | I67: 1 | M67: 1 | N67: 16 | P67: 1 | T67: 1 | W67: 1 | X67: 17 | Y67: =SUM(H67:K67)=(IF(SUM(O67:R67)<>"",SUM(O67:R67),"")) -> TRUE | Z67: =L67=S67 -> TRUE
A68: 완도군 | B68: 1 | C68: 1 | D68: 3 | E68: 1 | F68: 2 | G68: 8 | I68: 2 | J68: 1 | M68: 3 | N68: 11 | P68: 3 | T68: 3 | W68: 3 | X68: 14 | Y68: =SUM(H68:K68)=(IF(SUM(O68:R68)<>"",SUM(O68:R68),"")) -> TRUE | Z68: =L68=S68 -> TRUE
A69: 장성군 | C69: 4 | G69: 4 | I69: 1 | J69: 1 | L69: 1 | M69: 3 | N69: 7 | X69: 7 | Y69: =IF(SUM(O69:R69)<>"",SUM(H69:K69)=SUM(O69:R69)) -> FALSE | Z69: =L69=S69 -> FALSE
A70: 장흥군 | C70: 1 | D70: 2 | F70: 1 | G70: 4 | I70: 1 | L70: 1 | M70: 2 | N70: 6 | P70: 1 | S70: 1 | T70: 2 | W70: 2 | X70: 8 | Y70: =SUM(H70:K70)=(IF(SUM(O70:R70)<>"",SUM(O70:R70),"")) -> TRUE | Z70: =L70=S70 -> TRUE
A71: 진도군 | C71: 3 | D71: 1 | E71: 1 | F71: 2 | G71: 7 | I71: 2 | M71: 2 | N71: 9 | O71: 1 | P71: 1 | T71: 2 | W71: 2 | X71: 11 | Y71: =SUM(H71:K71)=(IF(SUM(O71:R71)<>"",SUM(O71:R71),"")) -> TRUE | Z71: =L71=S71 -> TRUE
A72: 해남군 | C72: 3 | F72: 2 | G72: 5 | I72: 1 | M72: 1 | N72: 6 | P72: 1 | T72: 1 | W72: 1 | X72: 7 | Y72: =SUM(H72:K72)=(IF(SUM(O72:R72)<>"",SUM(O72:R72),"")) -> TRUE | Z72: =L72=S72 -> TRUE
A73: 충청남도 | B73: 2 | C73: 16 | D73: 4 | F73: 5 | G73: 27 | I73: 5 | J73: 2 | L73: 1 | M73: 8 | N73: 35 | O73: 1 | P73: 6 | S73: 1 | T73: 8 | W73: 8 | X73: 43 | Y73: =SUM(H73:K73)=(IF(SUM(O73:R73)<>"",SUM(O73:R73),"")) -> TRUE | Z73: =L73=S73 -> TRUE
A74: 당진시 | B74: 2 | C74: 4 | F74: 2 | G74: 8 | I74: 2 | M74: 2 | N74: 10 | P74: 2 | T74: 2 | W74: 2 | X74: 12 | Y74: =SUM(H74:K74)=(IF(SUM(O74:R74)<>"",SUM(O74:R74),"")) -> TRUE | Z74: =L74=S74 -> TRUE
A75: 서산시 | C75: 7 | D75: 1 | F75: 1 | G75: 9 | I75: 2 | J75: 1 | L75: 1 | M75: 4 | N75: 13 | P75: 3 | S75: 1 | T75: 4 | W75: 4 | X75: 17 | Y75: =SUM(H75:K75)=(IF(SUM(O75:R75)<>"",SUM(O75:R75),"")) -> TRUE | Z75: =L75=S75 -> TRUE
A76: 홍성군 | C76: 5 | D76: 3 | F76: 2 | G76: 10 | I76: 1 | J76: 1 | M76: 2 | N76: 12 | O76: 1 | P76: 1 | T76: 2 | W76: 2 | X76: 14 | Y76: =SUM(H76:K76)=(IF(SUM(O76:R76)<>"",SUM(O76:R76),"")) -> TRUE | Z76: =L76=S76 -> TRUE
A77: 충청북도 | B77: 2 | C77: 14 | D77: 3 | F77: 3 | G77: 22 | H77: 2 | I77: 4 | J77: 2 | L77: 1 | M77: 9 | N77: 31 | P77: 8 | S77: 1 | T77: 9 | W77: 9 | X77: 40 | Y77: =SUM(H77:K77)=(IF(SUM(O77:R77)<>"",SUM(O77:R77),"")) -> TRUE | Z77: =L77=S77 -> TRUE
A78: 제천시 | B78: 2 | C78: 8 | D78: 1 | F78: 2 | G78: 13 | H78: 1 | I78: 2 | J78: 2 | M78: 5 | N78: 18 | P78: 5 | T78: 5 | W78: 5 | X78: 23 | Y78: =SUM(H78:K78)=(IF(SUM(O78:R78)<>"",SUM(O78:R78),"")) -> TRUE | Z78: =L78=S78 -> TRUE
A79: 충주시 | C79: 6 | D79: 2 | F79: 1 | G79: 9 | H79: 1 | I79: 2 | L79: 1 | M79: 4 | N79: 13 | P79: 3 | S79: 1 | T79: 4 | W79: 4 | X79: 17 | Y79: =SUM(H79:K79)=(IF(SUM(O79:R79)<>"",SUM(O79:R79),"")) -> TRUE | Z79: =L79=S79 -> TRUE
A80: 총합계 | B80: 51 | C80: 183 | D80: 140 | E80: 21 | F80: 79 | G80: 474 | H80: 5 | I80: 58 | J80: 36 | K80: 3 | L80: 19 | M80: 121 | N80: 595 | O80: 11 | P80: 60 | Q80: 17 | R80: 1 | S80: 16 | T80: 105 | U80: 1 | V80: 1 | W80: 106 | X80: 701 | Y80: =IF(SUM(O80:R80)<>"",SUM(H80:K80)=SUM(O80:R80)) -> FALSE | Z80: =L80=S80 -> FALSE

Sheet 조사불가목록
A1: 개발지역
A2: 경작지
A3: 군사보호구역
A4: 무립목지
A5: 분류오류
A6: 수계
A7: 옥상
A8: 조경수농장
A9: 출입금지
A10: 협조불가

Sheet NFI지원팀물량
A1: 표본점번호 | B1: 유형 | C1: POINT_X | D1: POINT_Y | E1: 시도 | F1: 시군구 | G1: 읍면동 | H1: 주소 | I1: 조사가능불가 | J1: 조사번호 | K1: 표본점번호 | L1: EPSG4326 | M1: 표고 | N1: 구분 | O1: NFI지원팀
A2: 511047320218 | B2: 가로수 | C2: 1047300 | D2: 2021800 | E2: 강원특별자치도 | F2: 양구군 | G2: 동면 | H2: 강원특별자치도 양구군 동면 임당리 700-2 | I2: #N/A | J2: 양구군_필수_1 | K2: 511047320218 | L2: 38.1952353371, 128.040174089 | M2: 278 | N2: 필수 | O2: 5
A3: 511047420220 | B3: 가로수 | C3: 1047400 | D3: 2022000 | E3: 강원특별자치도 | F3: 양구군 | G3: 동면 | H3: 강원특별자치도 양구군 동면 임당리 623-3 | I3: #N/A | J3: 양구군_필수_2 | K3: 511047420220 | L3: 38.1970325167, 128.0413294028 | M3: 278 | N3: 필수 | O3: 5
A4: 511043120105 | B4: 경관숲 | C4: 1043100 | D4: 2010500 | E4: 강원특별자치도 | F4: 양구군 | G4: 양구읍 | H4: 강원특별자치도 양구군 양구읍 송청리 87-50 | I4: #N/A | J4: 양구군_필수_3 | K4: 511043120105 | L4: 38.0936067083, 127.9915273082 | M4: 188 | N4: 필수 | O4: 5
A5: 511042020109 | B5: 경관숲 | C5: 1042000 | D5: 2010900 | E5: 강원특별자치도 | F5: 양구군 | G5: 양구읍 | H5: 강원특별자치도 양구군 양구읍 정림리 255-1 | I5: #N/A | J5: 양구군_필수_4 | K5: 511042020109 | L5: 38.0972634847, 127.9790064667 | M5: 201 | N5: 필수 | O5: 5
A6: 511042320118 | B6: 경관숲 | C6: 1042300 | D6: 2011800 | E6: 강원특별자치도 | F6: 양구군 | G6: 양구읍 | H6: 강원특별자치도 양구군 양구읍 상리 394 | I6: #N/A | J6: 양구군_필수_5 | K6: 511042320118 | L6: 38.1053606697, 127.9824811649 | M6: 181 | N6: 필수 | O6: 5
A7: 511047520225 | B7: 학교숲 | C7: 1047500 | D7: 2022500 | E7: 강원특별자치도 | F7: 양구군 | G7: 동면 | H7: 강원특별자치도 양구군 동면 임당리 564 | I7: #N/A | J7: 양구군_필수_6 | K7: 511047520225 | L7: 38.2015333401, 128.0425048354 | M7: 295 | N7: 필수 | O7: 5
A8: 511043420142 | B8: 경관숲 | C8: 1043400 | D8: 2014200 | E8: 강원특별자치도 | F8: 양구군 | G8: 양구읍 | H8: 강원특별자치도 양구군 양구읍 하리 639-4 | I8: #N/A | J8: 양구군_필수_7 | K8: 511043420142 | L8: 38.1269382035, 127.995173562 | M8: 184 | N8: 필수 | O8: 5
A9: 511042720111 | B9: 마을숲 | C9: 1042700 | D9: 2011100 | E9: 강원특별자치도 | F9: 양구군 | G9: 양구읍 | H9: 강원특별자치도 양구군 양구읍 상리 609 | I9: #N/A | J9: 양구군_필수_8 | K9: 511042720111 | L9: 38.0990331555, 127.9870016065 | M9: 188 | N9: 필수 | O9: 5
A10: 511043120113 | B10: 학교숲 | C10: 1043100 | D10: 2011300 | E10: 강원특별자치도 | F10: 양구군 | G10: 양구읍 | H10: 강원특별자치도 양구군 양구읍 상리 186-3 | I10: #N/A | J10: 양구군_필수_9 | K10: 511043120113 | L10: 38.1008166428, 127.9915756038 | M10: 188 | N10: 필수 | O10: 5
A11: 511042620125 | B11: 경관숲 | C11: 1042600 | D11: 2012500 | E11: 강원특별자치도 | F11: 양구군 | G11: 양구읍 | H11: 강원특별자치도 양구군 양구읍 하리 118-7 | I11: #N/A | J11: 양구군_필수_10 | K11: 511042620125 | L11: 38.1116552552, 127.9859446959 | M11: 182 | N11: 필수 | O11: 5
A12: 511042720112 | B12: 마을숲 | C12: 1042700 | D12: 2011200 | E12: 강원특별자치도 | F12: 양구군 | G12: 양구읍 | H12: 강원특별자치도 양구군 양구읍 상리 584 | I12: #N/A | J12: 양구군_필수_11 | K12: 511042720112 | L12: 38.0999343976, 127.9870075881 | M12: 187 | N12: 필수 | O12: 5
A13: 511053720284 | B13: 경관숲 | C13: 1053700 | D13: 2028400 | E13: 강원특별자치도 | F13: 양구군 | G13: 해안면 | H13: 강원특별자치도 양구군 해안면 만대리 2641 | I13: #N/A | J13: 양구군_필수_12 | K13: 511053720284 | L13: 38.2543557824, 128.1137591173 | M13: 577 | N13: 필수 | O13: 5
... A55: 511085519092 | B55: 마을숲 | C55: 1085500 | D55: 1909200 | E55: 강원특별자치도 | F55: 영월군 | G55: 영월읍 | H55: 강원특별자치도 영월군 영월읍 하송리 56 | I55: #N/A | J55: 영월군_필수_33 | K55: 511085519092 | L55: 37.177656934, 128.4631657218 | M55: 202 | N55: 필수 | O55: 3
A56: 511119619060 | B56: 가로수 | C56: 1119600 | D56: 1906000 | E56: 강원특별자치도 | F56: 영월군 | G56: 상동읍 | H56: 강원특별자치도 영월군 상동읍 구래리 산1-53 | I56: #N/A | J56: 영월군_예비_1 | K56: 511119619060 | L56: 37.1450748904, 128.8467107333 | M56: 627 | N56: 예비 | O56: 2, 3
A57: 511085119097 | B57: 학교숲 | C57: 1085100 | D57: 1909700 | E57: 강원특별자치도 | F57: 영월군 | G57: 영월읍 | H57: 강원특별자치도 영월군 영월읍 하송리 308-1 | I57: #N/A | J57: 영월군_예비_2 | K57: 511085119097 | L57: 37.1821999194, 128.458717214 | M57: 208 | N57: 예비 | O57: 2, 3
A58: 511083719095 | B58: 경관숲 | C58: 1083700 | D58: 1909500 | E58: 강원특별자치도 | F58: 영월군 | G58: 영월읍 | H58: 강원특별자치도 영월군 영월읍 방절리 254 | I58: #N/A | J58: 영월군_예비_3 | K58: 511083719095 | L58: 37.1805238959, 128.4429246886 | M58: 197 | N58: 예비 | O58: 2, 3
A59: 511086419107 | B59: 마을숲 | C59: 1086400 | D59: 1910700 | E59: 강원특별자치도 | F59: 영월군 | G59: 영월읍 | H59: 강원특별자치도 영월군 영월읍 영흥리 722-16 | I59: #N/A | J59: 영월군_예비_4 | K59: 511086419107 | L59: 37.1910933592, 128.4734764912 | M59: 208 | N59: 예비 | O59: 2, 3
A60: 511068519196 | B60: 마을숲 | C60: 1068500 | D60: 1919600 | E60: 강원특별자치도 | F60: 영월군 | G60: 주천면 | H60: 강원특별자치도 영월군 주천면 주천리 1367-1 | I60: #N/A | J60: 영월군_예비_5 | K60: 511068519196 | L60: 37.2727967855, 128.2726326443 | M60: 252 | N60: 예비 | O60: 2, 3
A61: 511083219093 | B61: 경관숲 | C61: 1083200 | D61: 1909300 | E61: 강원특별자치도 | F61: 영월군 | G61: 영월읍 | H61: 강원특별자치도 영월군 영월읍 방절리 534-2 | I61: #N/A | J61: 영월군_예비_6 | K61: 511083219093 | L61: 37.178765996, 128.4372703412 | M61: 225 | N61: 예비 | O61: 2, 3
A62: 511086919098 | B62: 도시숲 | C62: 1086900 | D62: 1909800 | E62: 강원특별자치도 | F62: 영월군 | G62: 영월읍 | H62: 강원특별자치도 영월군 영월읍 덕포리 490-3 | I62: #N/A | J62: 영월군_예비_7 | K62: 511086919098 | L62: 37.182935396, 128.4790045655 | M62: 194 | N62: 예비 | O62: 2, 3
A63: 511086619090 | B63: 마을숲 | C63: 1086600 | D63: 1909000 | E63: 강원특별자치도 | F63: 영월군 | G63: 영월읍 | H63: 강원특별자치도 영월군 영월읍 덕포리 995 | I63: #N/A | J63: 영월군_예비_8 | K63: 511086619090 | L63: 37.1757529952, 128.4755325205 | M63: 199 | N63: 예비 | O63: 2, 3
A64: 511084119096 | B64: 경관숲 | C64: 1084100 | D64: 1909600 | E64: 강원특별자치도 | F64: 영월군 | G64: 영월읍 | H64: 강원특별자치도 영월군 영월읍 방절리 산38-1 | I64: #N/A | J64: 영월군_예비_9 | K64: 511084119096 | L64: 37.1813892436, 128.4474415968 | M64: 201 | N64: 예비 | O64: 2, 3
A65: 511084219106 | B65: 경관숲 | C65: 1084200 | D65: 1910600 | E65: 강원특별자치도 | F65: 영월군 | G65: 영월읍 | H65: 강원특별자치도 영월군 영월읍 방절리 46-1 | I65: #N/A | J65: 영월군_예비_10 | K65: 511084219106 | L65: 37.1903931382, 128.4486807585 | M65: 204 | N65: 예비 | O65: 2, 3
A66: 511086419093 | B66: 경관숲 | C66: 1086400 | D66: 1909300 | E66: 강원특별자치도 | F66: 영월군 | G66: 영월읍 | H66: 강원특별자치도 영월군 영월읍 덕포리 541-2 | I66: #N/A | J66: 영월군_예비_11 | K66: 511086419093 | L66: 37.1784753778, 128.473314545 | M66: 189 | N66: 예비 | O66: 2, 3
A67: 511073219095 | B67: 마을숲 | C67: 1073200 | D67: 1909500 | E67: 강원특별자치도 | F67: 영월군 | G67: 한반도면 | H67: 강원특별자치도 영월군 한반도면 쌍용리 448-3 | I67: #N/A | J67: 영월군_예비_12 | K67: 511073219095 | L67: 37.1814061618, 128.3246486197 | M67: 239 | N67: 예비 | O67: 2, 3
... A72: 511086819082 | B72: 경관숲 | C72: 1086800 | D72: 1908200 | E72: 강원특별자치도 | F72: 영월군 | G72: 영월읍 | H72: 강원특별자치도 영월군 영월읍 덕포리 951 | I72: #N/A | J72: 영월군_예비_17 | K72: 511086819082 | L72: 37.1685241454, 128.4776922726 | M72: 190 | N72: 예비 | O72: 2, 3
A73: 511041419271 | B73: 가로수 | C73: 1041400 | D73: 1927100 | E73: 강원특별자치도 | F73: 원주시 | G73: 봉산동 | H73: 강원특별자치도 원주시 봉산동 1202 | I73: #N/A | J73: 원주시_필수_1 | K73: 511041419271 | L73: 37.3419995747, 127.9673939528 | M73: 136 | N73: 필수 | O73: 3
A74: 511039819256 | B74: 가로수 | C74: 1039800 | D74: 1925600 | E74: 강원특별자치도 | F74: 원주시 | G74: 단구동 | H74: 강원특별자치도 원주시 단구동 1591-11 | I74: #N/A | J74: 원주시_필수_2 | K74: 511039819256 | L74: 37.3285490976, 127.9492504071 | M74: 178 | N74: 필수 | O74: 3
A75: 511038719272 | B75: 마을숲 | C75: 1038700 | D75: 1927200 | E75: 강원특별자치도 | F75: 원주시 | G75: 단계동 | H75: 강원특별자치도 원주시 단계동 798 | I75: #N/A | J75: 원주시_필수_3 | K75: 511038719272 | L75: 37.343017437, 127.9369177987 | M75: 158 | N75: 필수 | O75: 3
A76: 511027719232 | B76: 경관숲 | C76: 1027700 | D76: 1923200 | E76: 강원특별자치도 | F76: 원주시 | G76: 문막읍 | H76: 강원특별자치도 원주시 문막읍 문막리 924-13 | I76: #N/A | J76: 원주시_필수_4 | K76: 511027719232 | L76: 37.3073557023, 127.8125819178 | M76: 57 | N76: 필수 | O76: 3
A77: 511041619270 | B77: 경관숲 | C77: 1041600 | D77: 1927000 | E77: 강원특별자치도 | F77: 원주시 | G77: 행구동 | H77: 강원특별자치도 원주시 행구동 1817-8 | I77: #N/A | J77: 원주시_필수_5 | K77: 511041619270 | L77: 37.3410892723, 127.9696462124 | M77: 137 | N77: 필수 | O77: 3
A78: 511033519339 | B78: 경관숲 | C78: 1033500 | D78: 1933900 | E78: 강원특별자치도 | F78: 원주시 | G78: 지정면 | H78: 강원특별자치도 원주시 지정면 월송리 12-1 | I78: #N/A | J78: 원주시_필수_6 | K78: 511033519339 | L78: 37.4036112262, 127.8785150882 | M78: 103 | N78: 필수 | O78: 3
A79: 511038619305 | B79: 학교숲 | C79: 1038600 | D79: 1930500 | E79: 강원특별자치도 | F79: 원주시 | G79: 우산동 | H79: 강원특별자치도 원주시 우산동 307-1 | I79: #N/A | J79: 원주시_필수_7 | K79: 511038619305 | L79: 37.3727665551, 127.9359608562 | M79: 129 | N79: 필수 | O79: 3
A80: 511036619292 | B80: 경관숲 | C80: 1036600 | D80: 1929200 | E80: 강원특별자치도 | F80: 원주시 | G80: 호저면 | H80: 강원특별자치도 원주시 호저면 만종리 산74-8 | I80: #N/A | J80: 원주시_필수_8 | K80: 511036619292 | L80: 37.3611299353, 127.9133084818 | M80: 116 | N80: 필수 | O80: 3
A81: 511038419293 | B81: 마을숲 | C81: 1038400 | D81: 1929300 | E81: 강원특별자치도 | F81: 원주시 | G81: 우산동 | H81: 강원특별자치도 원주시 우산동 170 | I81: #N/A | J81: 원주시_필수_9 | K81: 511038419293 | L81: 37.361958527, 127.9336397953 | M81: 134 | N81: 필수 | O81: 3
A82: 511039419283 | B82: 마을숲 | C82: 1039400 | D82: 1928300 | E82: 강원특별자치도 | F82: 원주시 | G82: 학성동 | H82: 강원특별자치도 원주시 학성동 223-26 | I82: #N/A | J82: 원주시_필수_10 | K82: 511039419283 | L82: 37.3529029764, 127.9448789865 | M82: 125 | N82: 필수 | O82: 3
A83: 511041819239 | B83: 마을숲 | C83: 1041800 | D83: 1923900 | E83: 강원특별자치도 | F83: 원주시 | G83: 관설동 | H83: 강원특별자치도 원주시 관설동 1334-4 | I83: #N/A | J83: 원주시_필수_11 | K83: 511041819239 | L83: 37.3131380516, 127.9717293382 | M83: 165 | N83: 필수 | O83: 3
A84: 511040119275 | B84: 도시숲 | C84: 1040100 | D84: 1927500 | E84: 강원특별자치도 | F84: 원주시 | G84: 원동 | H84: 강원특별자치도 원주시 원동 85-3 | I84: #N/A | J84: 원주시_필수_12 | K84: 511040119275 | L84: 37.3456620959, 127.952739402 | M84: 127 | N84: 필수 | O84: 3
... A109: 511062220148 | B109: 경관숲 | C109: 1062200 | D109: 2014800 | E109: 강원특별자치도 | F109: 인제군 | G109: 북면 | H109: 강원특별자치도 인제군 북면 원통리 574-2 | I109: #N/A | J109: 인제군_필수_14 | K109: 511062220148 | L109: 38.1312455292, 128.209712178 | M109: 261 | N109: 필수 | O109: 4
A110: 511061720136 | B110: 가로수 | C110: 1061700 | D110: 2013600 | E110: 강원특별자치도 | F110: 인제군 | G110: 북면 | H110: 강원특별자치도 인제군 북면 원통리 716 | I110: #N/A | J110: 인제군_예비_1 | K110: 511061720136 | L110: 38.1204654267, 128.2039036428 | M110: 223 | N110: 예비 | O110: 4, 5
A111: 511062120258 | B111: 마을숲 | C111: 1062100 | D111: 2025800 | E111: 강원특별자치도 | F111: 인제군 | G111: 서화면 | H111: 강원특별자치도 인제군 서화면 천도리 476 | I111: #N/A | J111: 인제군_예비_2 | K111: 511062120258 | L111: 38.2303836488, 128.2095320048 | M111: 300 | N111: 예비 | O111: 4, 5
A112: 511061920140 | B112: 도시숲 | C112: 1061900 | D112: 2014000 | E112: 강원특별자치도 | F112: 인제군 | G112: 북면 | H112: 강원특별자치도 인제군 북면 원통리 652-2 | I112: #N/A | J112: 인제군_예비_3 | K112: 511061920140 | L112: 38.1240565447, 128.206219904 | M112: 224 | N112: 예비 | O112: 4, 5
A113: 511071619948 | B113: 경관숲 | C113: 1071600 | D113: 1994800 | E113: 강원특별자치도 | F113: 인제군 | G113: 기린면 | H113: 강원특별자치도 인제군 기린면 현리 1284-49 | I113: #N/A | J113: 인제군_예비_4 | K113: 511071619948 | L113: 37.9503101934, 128.3149582149 | M113: 292 | N113: 예비 | O113: 4, 5
A114: 511062820264 | B114: 경관숲 | C114: 1062800 | D114: 2026400 | E114: 강원특별자치도 | F114: 인제군 | G114: 서화면 | H114: 강원특별자치도 인제군 서화면 천도리 312 | I114: #N/A | J114: 인제군_예비_5 | K114: 511062820264 | L114: 38.2357421312, 128.2175825072 | M114: 332 | N114: 예비 | O114: 4, 5
A115: 511062920265 | B115: 경관숲 | C115: 1062900 | D115: 2026500 | E115: 강원특별자치도 | F115: 인제군 | G115: 서화면 | H115: 강원특별자치도 인제군 서화면 천도리 80 | I115: #N/A | J115: 인제군_예비_6 | K115: 511062920265 | L115: 38.2366363226, 128.2187339425 | M115: 348 | N115: 예비 | O115: 4, 5
A116: 511060220088 | B116: 경관숲 | C116: 1060200 | D116: 2008800 | E116: 강원특별자치도 | F116: 인제군 | G116: 인제읍 | H116: 강원특별자치도 인제군 인제읍 합강리 221-13 | I116: #N/A | J116: 인제군_예비_7 | K116: 511060220088 | L116: 38.0773086303, 128.18638729 | M116: 203 | N116: 예비 | O116: 4, 5
A117: 511117119150 | B117: 가로수 | C117: 1117100 | D117: 1915000 | E117: 강원특별자치도 | F117: 정선군 | G117: 사북읍 | H117: 강원특별자치도 정선군 사북읍 사북리 산153-12 | I117: #N/A | J117: 정선군_필수_1 | K117: 511117119150 | L117: 37.2264971192, 128.8199783076 | M117: 609 | N117: 필수 | O117: 2
A118: 511101419136 | B118: 가로수 | C118: 1101400 | D118: 1913600 | E118: 강원특별자치도 | F118: 정선군 | G118: 신동읍 | H118: 강원특별자치도 정선군 신동읍 예미리 695-9 | I118: #N/A | J118: 정선군_필수_2 | K118: 511101419136 | L118: 37.2157200211, 128.6428484879 | M118: 391 | N118: 필수 | O118: 2
A119: 511097619413 | B119: 경관숲 | C119: 1097600 | D119: 1941300 | E119: 강원특별자치도 | F119: 정선군 | G119: 북평면 | H119: 강원특별자치도 정선군 북평면 숙암리 산412 | I119: #N/A | J119: 정선군_필수_3 | K119: 511097619413 | L119: 37.4657644988, 128.603674757 | M119: 643 | N119: 필수 | O119: 2
A120: 511119719131 | B120: 마을숲 | C120: 1119700 | D120: 1913100 | E120: 강원특별자치도 | F120: 정선군 | G120: 고한읍 | H120: 강원특별자치도 정선군 고한읍 고한리 110-24 | I120: #N/A | J120: 정선군_필수_4 | K120: 511119719131 | L120: 37.2090448575, 128.8489738053 | M120: 769 | N120: 필수 | O120: 2
A121: 511102719316 | B121: 경관숲 | C121: 1102700 | D121: 1931600 | E121: 강원특별자치도 | F121: 정선군 | G121: 정선읍 | H121: 강원특별자치도 정선군 정선읍 봉양리 194-5 | I121: #N/A | J121: 정선군_필수_5 | K121: 511102719316 | L121: 37.3777960795, 128.6599863218 | M121: 305 | N121: 필수 | O121: 2
A122: 511120619449 | B122: 경관숲 | C122: 1120600 | D122: 1944900 | E122: 강원특별자치도 | F122: 정선군 | G122: 임계면 | H122: 강원특별자치도 정선군 임계면 송계리 344-1 | I122: #N/A | J122: 정선군_필수_6 | K122: 511120619449 | L122: 37.4954895472, 128.8642908126 | M122: 504 | N122: 필수 | O122: 2
A123: 511107619421 | B123: 경관숲 | C123: 1107600 | D123: 1942100 | E123: 강원특별자치도 | F123: 정선군 | G123: 여량면 | H123: 강원특별자치도 정선군 여량면 여량리 771-3 | I123: #N/A | J123: 정선군_필수_7 | K123: 511107619421 | L123: 37.4718636697, 128.7168508059 | M123: 371 | N123: 필수 | O123: 2
A124: 511119419149 | B124: 경관숲 | C124: 1119400 | D124: 1914900 | E124: 강원특별자치도 | F124: 정선군 | G124: 사북읍 | H124: 강원특별자치도 정선군 사북읍 사북리 산70-1 | I124: #N/A | J124: 정선군_필수_8 | K124: 511119419149 | L124: 37.2253041981, 128.8458819589 | M124: 807 | N124: 필수 | O124: 2
A125: 511097319395 | B125: 경관숲 | C125: 1097300 | D125: 1939500 | E125: 강원특별자치도 | F125: 정선군 | G125: 북평면 | H125: 강원특별자치도 정선군 북평면 숙암리 산400-42 | I125: #N/A | J125: 정선군_필수_9 | K125: 511097319395 | L125: 37.4495744154, 128.6000452246 | M125: 1199 | N125: 필수 | O125: 2
A126: 511105619134 | B126: 마을숲 | C126: 1105600 | D126: 1913400 | E126: 강원특별자치도 | F126: 정선군 | G126: 신동읍 | H126: 강원특별자치도 정선군 신동읍 조동리 6-27 | I126: #N/A | J126: 정선군_필수_10 | K126: 511105619134 | L126: 37.213451435, 128.6901479584 | M126: 528 | N126: 필수 | O126: 2
A127: 511113919164 | B127: 경관숲 | C127: 1113900 | D127: 1916400 | E127: 강원특별자치도 | F127: 정선군 | G127: 남면 | H127: 강원특별자치도 정선군 남면 무릉리 555-5 | I127: #N/A | J127: 정선군_필수_11 | K127: 511113919164 | L127: 37.2395101421, 128.7841295396 | M127: 524 | N127: 필수 | O127: 2
A128: 511103719405 | B128: 경관숲 | C128: 1103700 | D128: 1940500 | E128: 강원특별자치도 | F128: 정선군 | G128: 북평면 | H128: 강원특별자치도 정선군 북평면 북평리 876 | I128: #N/A | J128: 정선군_필수_12 | K128: 511103719405 | L128: 37.4578906914, 128.6725290017 | M128: 364 | N128: 필수 | O128: 2
... A357: 511042019430 | B357: 마을숲 | C357: 1042000 | D357: 1943000 | E357: 강원특별자치도 | F357: 횡성군 | G357: 횡성읍 | H357: 강원특별자치도 횡성군 횡성읍 읍하리 599 | I357: #N/A | J357: 횡성군_필수_51 | K357: 511042019430 | L357: 37.48528709, 127.9750718526 | M357: 109 | N357: 필수 | O357: 4
A358: 511043719440 | B358: 가로수 | C358: 1043700 | D358: 1944000 | E358: 강원특별자치도 | F358: 횡성군 | G358: 횡성읍 | H358: 강원특별자치도 횡성군 횡성읍 북천리 116 | I358: #N/A | J358: 횡성군_예비_1 | K358: 511043719440 | L358: 37.4942215527, 127.9943597071 | M358: 162 | N358: 예비 | O358: 3, 4
A359: 511062819465 | B359: 경관숲 | C359: 1062800 | D359: 1946500 | E359: 강원특별자치도 | F359: 횡성군 | G359: 둔내면 | H359: 강원특별자치도 횡성군 둔내면 둔방내리 197 | I359: #N/A | J359: 횡성군_예비_2 | K359: 511062819465 | L359: 37.5156522577, 128.2106306244 | M359: 498 | N359: 예비 | O359: 3, 4
A360: 511063019467 | B360: 마을숲 | C360: 1063000 | D360: 1946700 | E360: 강원특별자치도 | F360: 횡성군 | G360: 둔내면 | H360: 강원특별자치도 횡성군 둔내면 둔방내리 17-3 | I360: #N/A | J360: 횡성군_예비_3 | K360: 511063019467 | L360: 37.5174412086, 128.2129107677 | M360: 494 | N360: 예비 | O360: 3, 4
A361: 511063219462 | B361: 마을숲 | C361: 1063200 | D361: 1946200 | E361: 강원특별자치도 | F361: 횡성군 | G361: 둔내면 | H361: 강원특별자치도 횡성군 둔내면 둔방내리 81-4 | I361: #N/A | J361: 횡성군_예비_4 | K361: 511063219462 | L361: 37.5129210572, 128.2151308106 | M361: 487 | N361: 예비 | O361: 3, 4
A362: 511063419464 | B362: 마을숲 | C362: 1063400 | D362: 1946400 | E362: 강원특별자치도 | F362: 횡성군 | G362: 둔내면 | H362: 강원특별자치도 횡성군 둔내면 자포곡리 386-6 | I362: #N/A | J362: 횡성군_예비_5 | K362: 511063419464 | L362: 37.5147099218, 128.2174109758 | M362: 497 | N362: 예비 | O362: 3, 4
A363: 511049419431 | B363: 도시숲 | C363: 1049400 | D363: 1943100 | E363: 강원특별자치도 | F363: 횡성군 | G363: 우천면 | H363: 강원특별자치도 횡성군 우천면 상하가리 547 | I363: #N/A | J363: 횡성군_예비_6 | K363: 511049419431 | L363: 37.4858222056, 128.058778331 | M363: 190 | N363: 예비 | O363: 3, 4
A364: 511062919461 | B364: 마을숲 | C364: 1062900 | D364: 1946100 | E364: 강원특별자치도 | F364: 횡성군 | G364: 둔내면 | H364: 강원특별자치도 횡성군 둔내면 둔방내리 592-1 | I364: #N/A | J364: 횡성군_예비_7 | K364: 511062919461 | L364: 37.5120402651, 128.2117278837 | M364: 489 | N364: 예비 | O364: 3, 4
A365: 511057119401 | B365: 학교숲 | C365: 1057100 | D365: 1940100 | E365: 강원특별자치도 | F365: 횡성군 | G365: 안흥면 | H365: 강원특별자치도 횡성군 안흥면 소사리 1300-1 | I365: #N/A | J365: 횡성군_예비_8 | K365: 511057119401 | L365: 37.4583387828, 128.1456380079 | M365: 592 | N365: 예비 | O365: 3, 4
A366: 511048519411 | B366: 학교숲 | C366: 1048500 | D366: 1941100 | E366: 강원특별자치도 | F366: 횡성군 | G366: 우천면 | H366: 강원특별자치도 횡성군 우천면 문암리 26-2 | I366: #N/A | J366: 횡성군_예비_9 | K366: 511048519411 | L366: 37.4678433374, 128.0484668299 | M366: 166 | N366: 예비 | O366: 3, 4
A367: 511043319437 | B367: 마을숲 | C367: 1043300 | D367: 1943700 | E367: 강원특별자치도 | F367: 횡성군 | G367: 횡성읍 | H367: 강원특별자치도 횡성군 횡성읍 읍상리 364-1 | I367: #N/A | J367: 횡성군_예비_10 | K367: 511043319437 | L367: 37.4915363969, 127.9898171685 | M367: 136 | N367: 예비 | O367: 3, 4
A368: 511043819437 | B368: 마을숲 | C368: 1043800 | D368: 1943700 | E368: 강원특별자치도 | F368: 횡성군 | G368: 횡성읍 | H368: 강원특별자치도 횡성군 횡성읍 읍상리 607 | I368: #N/A | J368: 횡성군_예비_11 | K368: 511043819437 | L368: 37.4915128116, 127.9954730634 | M368: 144 | N368: 예비 | O368: 3, 4
A369: 511063319464 | B369: 마을숲 | C369: 1063300 | D369: 1946400 | E369: 강원특별자치도 | F369: 횡성군 | G369: 둔내면 | H369: 강원특별자치도 횡성군 둔내면 자포곡리 463-70 | I369: #N/A | J369: 횡성군_예비_12 | K369: 511063319464 | L369: 37.5147167891, 128.2162794938 | M369: 490 | N369: 예비 | O369: 3, 4
... A383: 511043119433 | B383: 마을숲 | C383: 1043100 | D383: 1943300 | E383: 강원특별자치도 | F383: 횡성군 | G383: 횡성읍 | H383: 강원특별자치도 횡성군 횡성읍 읍상리 518 | I383: #N/A | J383: 횡성군_예비_26 | K383: 511043119433 | L383: 37.4879404132, 127.9875313756 | M383: 118 | N383: 예비 | O383: 3, 4
A384: 411001319800 | B384: 가로수 | C384: 1001300 | D384: 1980000 | E384: 경기도 | F384: 가평군 | G384: 가평읍 | H384: 경기도 가평군 가평읍 대곡리 100-3 | I384: #N/A | J384: 가평군_필수_1 | K384: 411001319800 | L384: 37.8197383027, 127.5147707462 | M384: 56 | N384: 필수 | O384: 3
A385: 410993619706 | B385: 가로수 | C385: 993600 | D385: 1970600 | E385: 경기도 | F385: 가평군 | G385: 청평면 | H385: 경기도 가평군 청평면 청평리 148-2 | I385: #N/A | J385: 가평군_필수_2 | K385: 410993619706 | L385: 37.7349923775, 127.4273654492 | M385: 45 | N385: 필수 | O385: 3
A386: 410992319728 | B386: 경관숲 | C386: 992300 | D386: 1972800 | E386: 경기도 | F386: 가평군 | G386: 상면 | H386: 경기도 가평군 상면 덕현리 산74-1 | I386: #N/A | J386: 가평군_필수_3 | K386: 410992319728 | L386: 37.7548115819, 127.4125882527 | M386: 57 | N386: 필수 | O386: 3
A387: 410989619651 | B387: 경관숲 | C387: 989600 | D387: 1965100 | E387: 경기도 | F387: 가평군 | G387: 청평면 | H387: 경기도 가평군 청평면 대성리 391-15 | I387: #N/A | J387: 가평군_필수_4 | K387: 410989619651 | L387: 37.6853823727, 127.3820475269 | M387: 26 | N387: 필수 | O387: 3
A388: 411001819795 | B388: 경관숲 | C388: 1001800 | D388: 1979500 | E388: 경기도 | F388: 가평군 | G388: 가평읍 | H388: 경기도 가평군 가평읍 달전리 356-1 | I388: #N/A | J388: 가평군_필수_5 | K388: 411001819795 | L388: 37.8152308634, 127.5204505588 | M388: 55 | N388: 필수 | O388: 3
A389: 411001719799 | B389: 경관숲 | C389: 1001700 | D389: 1979900 | E389: 경기도 | F389: 가평군 | G389: 가평읍 | H389: 경기도 가평군 가평읍 대곡리 56-3 | I389: #N/A | J389: 가평군_필수_6 | K389: 411001719799 | L389: 37.8188363274, 127.5193153561 | M389: 52 | N389: 필수 | O389: 3
A390: 411002219785 | B390: 마을숲 | C390: 1002200 | D390: 1978500 | E390: 경기도 | F390: 가평군 | G390: 가평읍 | H390: 경기도 가평군 가평읍 달전리 118-2 | I390: #N/A | J390: 가평군_필수_7 | K390: 411002219785 | L390: 37.8062167969, 127.5249920889 | M390: 57 | N390: 필수 | O390: 3
A391: 411002219781 | B391: 가로수 | C391: 1002200 | D391: 1978100 | E391: 경기도 | F391: 가평군 | G391: 가평읍 | H391: 경기도 가평군 가평읍 달전리 154-6 | I391: #N/A | J391: 가평군_예비_1 | K391: 411002219781 | L391: 37.8026115171, 127.524990874 | M391: 57 | N391: 예비 | O391: 3
A392: 410993719707 | B392: 경관숲 | C392: 993700 | D392: 1970700 | E392: 경기도 | F392: 가평군 | G392: 청평면 | H392: 경기도 가평군 청평면 청평리 168-17 | I392: #N/A | J392: 가평군_예비_2 | K392: 410993719707 | L392: 37.7358944013, 127.4284994965 | M392: 43 | N392: 예비 | O392: 3
A393: 410996219669 | B393: 경관숲 | C393: 996200 | D393: 1966900 | E393: 경기도 | F393: 가평군 | G393: 설악면 | H393: 경기도 가평군 설악면 회곡리 313-1 | I393: #N/A | J393: 가평군_예비_3 | K393: 410996219669 | L393: 37.7016575457, 127.4568925533 | M393: 53 | N393: 예비 | O393: 3
A394: 410990719734 | B394: 마을숲 | C394: 990700 | D394: 1973400 | E394: 경기도 | F394: 가평군 | G394: 상면 | H394: 경기도 가평군 상면 덕현리 391-2 | I394: #N/A | J394: 가평군_예비_4 | K394: 410990719734 | L394: 37.7602046655, 127.394417113 | M394: 70 | N394: 예비 | O394: 3
A395: 410972219566 | B395: 가로수 | C395: 972200 | D395: 1956600 | E395: 경기도 | F395: 남양주시 | G395: 이패동 | H395: 경기도 남양주시 이패동 546-2 | I395: #N/A | J395: 남양주시_필수_1 | K395: 410972219566 | L395: 37.6084067918, 127.1850295391 | M395: 18 | N395: 필수 | O395: 3
... A443: 471113217599 | B443: 경관숲 | C443: 1113200 | D443: 1759900 | E443: 경상북도 | F443: 경산시 | G443: 삼풍동 | H443: 경상북도 경산시 삼풍동 300 | I443: #N/A | J443: 경산시_필수_18 | K443: 471113217599 | L443: 35.8290713499, 128.7532660443 | M443: 54 | N443: 필수 | O443: 9
A444: 471119617716 | B444: 가로수 | C444: 1119600 | D444: 1771600 | E444: 경상북도 | F444: 경산시 | G444: 하양읍 | H444: 경상북도 경산시 하양읍 대학리 1205 | I444: #N/A | J444: 경산시_예비_1 | K444: 471119617716 | L444: 35.9337720477, 128.8258622729 | M444: 67 | N444: 예비 | O444: 1,9
A445: 471113017588 | B445: 마을숲 | C445: 1113000 | D445: 1758800 | E445: 경상북도 | F445: 경산시 | G445: 계양동 | H445: 경상북도 경산시 계양동 669 | I445: #N/A | J445: 경산시_예비_2 | K445: 471113017588 | L445: 35.8191789576, 128.7508966552 | M445: 71 | N445: 예비 | O445: 1,9
A446: 471111717582 | B446: 마을숲 | C446: 1111700 | D446: 1758200 | E446: 경상북도 | F446: 경산시 | G446: 서상동 | H446: 경상북도 경산시 서상동 143-164 | I446: #N/A | J446: 경산시_예비_3 | K446: 471111717582 | L446: 35.8139193751, 128.7364249601 | M446: 56 | N446: 예비 | O446: 1,9
A447: 471111617604 | B447: 도시숲 | C447: 1111600 | D447: 1760400 | E447: 경상북도 | F447: 경산시 | G447: 중방동 | H447: 경상북도 경산시 중방동 900 | I447: #N/A | J447: 경산시_예비_4 | K447: 471111617604 | L447: 35.83376179, 128.7356256398 | M447: 48 | N447: 예비 | O447: 1,9
A448: 471111217610 | B448: 마을숲 | C448: 1111200 | D448: 1761000 | E448: 경상북도 | F448: 경산시 | G448: 대평동 | H448: 경상북도 경산시 대평동 428-1 | I448: #N/A | J448: 경산시_예비_5 | K448: 471111217610 | L448: 35.8392156995, 128.7312813714 | M448: 46 | N448: 예비 | O448: 1,9
A449: 471111017599 | B449: 마을숲 | C449: 1111000 | D449: 1759900 | E449: 경상북도 | F449: 경산시 | G449: 정평동 | H449: 경상북도 경산시 정평동 240 | I449: #N/A | J449: 경산시_예비_6 | K449: 471111017599 | L449: 35.829322842, 128.7289143593 | M449: 50 | N449: 예비 | O449: 1,9
A450: 471110417590 | B450: 마을숲 | C450: 1110400 | D450: 1759000 | E450: 경상북도 | F450: 경산시 | G450: 옥산동 | H450: 경상북도 경산시 옥산동 884-1 | I450: #N/A | J450: 경산시_예비_7 | K450: 471110417590 | L450: 35.82127784, 128.7221485411 | M450: 71 | N450: 예비 | O450: 1,9
A451: 471117217688 | B451: 마을숲 | C451: 1117200 | D451: 1768800 | E451: 경상북도 | F451: 경산시 | G451: 하양읍 | H451: 경상북도 경산시 하양읍 부호리 33 | I451: #N/A | J451: 경산시_예비_8 | K451: 471117217688 | L451: 35.9088244609, 128.7988497513 | M451: 80 | N451: 예비 | O451: 1,9
A452: 471121917682 | B452: 경관숲 | C452: 1121900 | D452: 1768200 | E452: 경상북도 | F452: 경산시 | G452: 진량읍 | H452: 경상북도 경산시 진량읍 내리리 15 | I452: #N/A | J452: 경산시_예비_9 | K452: 471121917682 | L452: 35.9028416762, 128.8508320488 | M452: 85 | N452: 예비 | O452: 1,9
A453: 471160717649 | B453: 가로수 | C453: 1160700 | D453: 1764900 | E453: 경상북도 | F453: 경주시 | G453: 천북면 | H453: 경상북도 경주시 천북면 물천리 562-4 | I453: #N/A | J453: 경주시_필수_1 | K453: 471160717649 | L453: 35.8674979947, 129.2799636994 | M453: 60 | N453: 필수 | O453: 8
A454: 471155717632 | B454: 가로수 | C454: 1155700 | D454: 1763200 | E454: 경상북도 | F454: 경주시 | G454: 동천동 | H454: 경상북도 경주시 동천동 837 | I454: #N/A | J454: 경주시_필수_2 | K454: 471155717632 | L454: 35.8529851813, 129.2242730726 | M454: 45 | N454: 필수 | O454: 8
A455: 471181417597 | B455: 경관숲 | C455: 1181400 | D455: 1759700 | E455: 경상북도 | F455: 경주시 | G455: 감포읍 | H455: 경상북도 경주시 감포읍 오류리 418-24 | I455: #N/A | J455: 경주시_필수_3 | K455: 471181417597 | L455: 35.8170277159, 129.5079424571 | M455: 55 | N455: 필수 | O455: 8
A456: 471180317569 | B456: 도시숲 | C456: 1180300 | D456: 1756900 | E456: 경상북도 | F456: 경주시 | G456: 감포읍 | H456: 경상북도 경주시 감포읍 전촌리 30-4 | I456: #N/A | J456: 경주시_필수_4 | K456: 471180317569 | L456: 35.7920003451, 129.495141742 | M456: 20 | N456: 필수 | O456: 8
A457: 471178117462 | B457: 마을숲 | C457: 1178100 | D457: 1746200 | E457: 경상북도 | F457: 경주시 | G457: 양남면 | H457: 경상북도 경주시 양남면 읍천리 745 | I457: #N/A | J457: 경주시_필수_5 | K457: 471178117462 | L457: 35.6959842113, 129.468434263 | M457: 34 | N457: 필수 | O457: 8
...
